id,userId,duration
1,3379,1846
2,355,2170
3,7522,1301
4,159,1890
5,4560,1692
6,5023,313
7,4822,2192
8,4445,1001
9,8645,2985
10,2524,1287
11,3515,605
12,1370,3566
13,5102,2211
14,2716,1551
15,7583,1979
16,6334,2157
17,2729,1384
18,3524,2875
19,7453,2091
20,6518,351
21,6602,742
22,6274,1826
23,2590,2429
24,3170,504
25,8085,1889
26,8874,201
27,6895,2497
28,4969,3540
29,9592,2718
30,8269,82
31,5815,563
32,1581,2608
33,6426,1430
34,2163,2141
35,6940,2553
36,5694,3388
37,1491,2833
38,8763,2564
39,3563,3415
40,1848,826
41,4205,1180
42,8275,717
43,9674,3159
44,4600,356
45,8973,2867
46,1676,2140
47,4472,1689
48,3716,2321
49,4190,1747
50,7403,508
51,2551,3145
52,3085,2550
53,6993,397
54,4948,3459
55,275,510
56,41,3414
57,7973,338
58,8225,1556
59,4798,90
60,5686,1267
61,8288,2901
62,8760,593
63,4977,2508
64,4136,1208
65,6184,903
66,5875,3409
67,7757,1762
68,6739,328
69,447,238
70,2981,2971
71,4774,1945
72,1985,2895
73,7742,192
74,1864,635
75,5430,1596
76,9311,2037
77,762,1459
78,6312,866
79,1256,2216
80,1145,253
81,9241,2618
82,6639,2216
83,9042,358
84,9517,1588
85,3682,999
86,1027,1181
87,6942,316
88,4004,2090
89,1221,746
90,2072,3168
91,657,3358
92,1062,1578
93,1125,205
94,6517,2107
95,3507,2278
96,8725,1954
97,7125,1280
99,3176,3405
100,5451,1098
101,7342,960
102,6921,119
103,9404,585
104,6114,638
105,9846,2655
106,1760,2708
107,6208,789
108,6575,3334
109,6493,1203
110,3894,538
112,1541,1887
113,4899,1654
114,873,631
115,4139,246
116,7186,2383
117,3338,7
118,5247,1342
119,5927,1382
120,8190,634
121,4184,841
122,4300,12
123,3136,1695
124,4415,2932
125,699,1913
126,8889,2469
127,3677,2810
128,1520,1545
129,1610,3199
130,1146,3019
131,3845,2690
132,3751,2314
133,6645,265
134,5084,214
135,9842,2386
137,7057,2538
138,4049,3426
139,94,3157
140,1048,2713
141,7952,1982
142,1545,3373
143,8762,407
144,1234,3463
145,358,422
146,2044,783
147,1880,1350
148,312,3412
149,2830,1492
150,3213,1971
151,8347,790
152,3592,2554
153,2990,3427
154,7105,2159
155,1129,2283
156,7474,2035
157,5981,2322
158,3478,519
159,5786,2550
160,1228,2314
161,3569,1219
162,3512,2673
163,437,2683
164,5922,3338
165,9200,1558
166,6818,1102
168,9333,3124
169,831,2628
170,3950,2386
171,8602,1788
172,2692,1425
173,841,18
174,7480,260
175,8272,1217
176,2370,1346
177,9598,2686
178,4348,2925
179,9328,766
180,7520,136
181,3582,1234
182,2336,3527
183,8174,1673
184,1898,2278
185,3692,2625
186,2220,2722
187,3747,2724
188,8728,1431
189,3230,1625
190,1456,3594
191,3143,842
192,5895,1039
193,861,3440
194,6359,2339
195,6837,2818
196,601,2532
197,8586,2665
198,1111,287
199,9914,3434
200,5124,744
201,6610,1607
202,768,3509
203,3868,1745
204,8917,1867
205,3208,826
206,90,2461
207,1172,964
208,1367,481
209,5375,2765
210,1534,1803
211,3805,1839
212,637,483
213,9727,1642
214,5339,377
215,4939,1375
216,8445,3403
217,7193,2840
218,8798,1743
219,3222,3041
220,1101,2411
221,7343,1720
222,2275,1274
224,5679,3484
225,504,1343
226,1438,3148
227,31,790
228,4626,720
229,7820,3468
230,8935,3456
231,1820,458
232,7865,1940
233,7732,1487
234,2960,2524
235,5949,2285
236,3797,3521
237,3114,1836
238,2599,185
239,2923,2573
240,1996,3396
241,9882,1857
242,2407,1586
243,7316,1900
244,6897,842
245,1151,3252
246,7990,1300
247,860,3566
248,4028,73
249,1243,1342
250,7154,770
251,5342,2918
252,3625,322
253,8429,998
254,4090,3070
255,307,1558
256,4647,1331
257,317,3591
258,6021,2060
259,5323,2324
260,8966,435
261,5317,3256
262,4846,2874
263,709,3089
264,7673,1439
265,7048,834
266,8619,3122
267,6983,2526
268,8130,3294
269,9633,1538
270,6816,2858
271,6879,2255
272,2315,2142
273,934,2570
274,3145,300
275,6749,660
276,6600,2735
277,2823,312
278,5874,2246
279,3990,2557
280,5276,2979
281,2660,2796
282,7939,3263
283,7301,1031
284,529,1608
286,7114,2756
288,492,2820
289,187,3007
290,8064,1597
291,6112,996
292,326,402
293,1812,3076
294,1845,3535
295,3103,178
296,322,55
297,951,1222
298,5978,282
299,8795,2240
300,1564,3127
301,7010,2107
302,8228,1063
303,4181,2621
304,9202,2310
305,8522,303
306,565,960
307,6754,1463
308,9531,29
309,3703,2332
310,1651,2298
311,1100,662
312,960,1254
313,8736,853
314,1429,1406
315,4381,2331
316,183,2457
317,4214,735
318,753,1268
319,652,3199
320,7019,3187
321,6460,3530
322,3775,1545
323,6302,220
324,3235,63
325,9658,2635
326,6207,1043
327,6691,2344
328,7594,271
329,3693,2485
331,1621,3448
332,6957,1068
333,7803,1385
334,8504,3448
335,4545,683
336,3824,1992
337,3800,2101
338,8315,1941
339,6135,3555
340,1184,1023
341,7953,3081
342,6418,712
343,9465,2898
344,7873,1119
345,9369,1766
346,3780,728
347,7906,1376
348,675,2873
349,5000,3223
350,2074,738
351,7560,1587
352,396,1197
353,4198,2576
354,2254,3556
355,8276,1167
356,6836,1448
357,2235,2336
358,5009,2651
359,6536,767
360,5330,811
362,452,879
363,4569,1481
364,7856,2993
365,8098,713
366,7704,2791
367,1408,1271
368,7900,2760
369,9386,3036
370,9120,2344
371,400,1177
372,7609,956
373,9881,3356
374,8568,934
375,9117,18
376,4402,3541
377,399,1746
378,3298,404
379,9047,3451
380,6331,1781
381,5155,2188
382,2616,2740
383,148,2350
384,4611,3525
385,2175,627
386,3855,2586
387,8608,1999
388,1611,1533
390,238,431
391,9114,772
392,7165,758
393,4900,331
394,8473,663
395,9906,1630
396,2340,1227
397,4482,1781
398,1738,1986
399,434,1033
400,2208,252
401,4564,2725
402,7160,43
403,1509,3178
404,671,518
405,3318,189
406,5295,1749
407,8995,3027
408,4575,3377
409,8642,577
410,5821,3106
411,9716,3409
412,3386,2867
413,9540,1328
414,7263,2034
415,1431,835
416,4127,214
417,2477,3464
418,1636,2904
419,7398,1709
420,2206,1540
421,5656,633
422,7904,2234
423,5488,1569
424,4888,2301
425,8401,3382
426,7108,1395
428,1742,432
429,5468,223
430,2544,1958
431,2190,2050
432,1904,3064
433,432,1362
434,8187,1612
435,8416,323
436,6179,3267
437,4584,53
438,9208,3098
439,8540,972
440,1373,1904
441,4091,2993
442,1410,927
443,854,899
444,3276,2459
445,4284,618
446,7920,3138
447,602,1090
448,7663,2991
449,3022,686
451,6049,3096
453,682,502
454,7135,898
455,3530,2302
456,2082,1483
457,6378,1871
458,5249,481
459,883,1384
460,3399,1957
461,7727,1974
462,22,624
463,5487,3555
464,3932,718
465,6849,3187
466,6855,2755
468,1931,3468
469,4970,2121
471,2214,1298
473,8144,1037
474,8408,1189
475,7521,625
476,1143,576
477,2801,2376
478,3581,1491
479,535,2710
480,54,295
481,5787,340
482,5499,2726
483,3697,2523
484,2329,2144
485,8777,3039
486,6091,1390
487,397,2273
488,913,3411
489,595,3565
490,5629,2692
493,8031,2447
494,2222,349
495,8975,3420
496,6943,2395
497,3995,1174
498,4537,2497
499,1063,1985
500,6613,726
501,6141,2412
503,3088,1591
504,5324,1504
505,3225,2340
506,7047,3383
507,4000,2732
508,9351,3491
509,7428,2883
510,832,3336
511,5025,3443
512,466,100
513,7769,2304
514,9956,2079
515,2858,2141
516,5221,3116
517,1232,1766
518,3695,2856
519,6316,1905
520,3099,3136
521,8448,1502
522,208,229
523,2461,1677
524,4098,2735
525,3930,293
526,2575,1346
527,3956,2514
528,7782,3294
529,7643,633
530,3205,3484
531,6445,796
532,9504,54
533,7783,1544
534,1640,982
535,8350,2177
536,4662,2110
537,7657,1210
538,6016,3374
539,7459,1982
540,6474,882
541,8577,3576
542,8052,970
543,3684,1867
544,6211,1849
545,7530,91
546,950,606
547,6539,2057
548,6906,392
549,2746,2018
550,9326,2598
551,3922,475
552,6299,3266
553,5805,2036
554,9649,3386
555,6456,578
556,5302,2050
557,1032,2134
558,866,2053
559,2659,1434
560,6102,749
561,694,1446
562,2954,2509
563,7177,1082
564,9030,1784
565,3012,2626
566,4221,3028
567,9921,2824
568,5692,38
569,8536,1476
570,8605,2846
571,8012,592
572,8126,2052
573,8380,1149
574,1037,563
575,9919,1384
576,6449,1649
577,8913,756
578,5250,2864
579,997,353
581,2115,2988
582,7240,3423
583,4649,2631
584,5226,3419
585,6624,907
586,9760,417
587,7563,2437
588,9069,1077
590,8356,950
591,7646,2613
592,2154,2035
593,2608,2492
594,5870,3286
595,1693,1468
596,7159,3167
597,3688,206
598,1522,356
599,1654,776
600,9226,196
601,8691,1965
602,7176,492
603,643,2091
604,4841,1287
605,9664,3106
606,9576,630
607,3714,1610
608,8816,1987
609,1362,2803
610,7090,601
611,7136,3453
612,6550,2395
613,3772,2232
614,7425,975
615,28,10
616,9217,2550
617,3189,667
618,7267,3088
619,8808,2650
620,4580,227
621,6682,1930
622,3724,2509
623,5763,762
624,4586,1442
625,4170,523
626,4641,1891
627,1440,2037
628,1217,3454
629,2308,188
630,7061,650
631,6487,2770
632,8014,2452
633,5530,2347
635,7410,889
636,8158,1693
637,2319,390
638,5041,2110
639,5865,938
640,8378,868
641,3792,2356
642,8432,1294
643,8947,1884
644,9086,62
645,1026,967
646,8277,859
647,769,130
648,3197,1491
649,891,172
650,5601,1994
651,2976,2324
652,3965,3314
653,8193,1176
654,3420,1974
655,2717,2539
656,837,2739
657,9873,1129
658,9125,2108
659,1445,172
660,2618,3404
662,7815,2913
663,1719,2886
664,2999,364
665,1819,3316
666,9218,2154
667,7387,2870
668,631,2734
669,48,278
670,9994,1146
671,459,2850
672,4802,3379
674,5017,1516
675,4676,2387
676,4171,2521
677,3877,451
678,4897,3179
679,9060,227
680,3030,2845
681,4066,1224
682,8090,1004
683,5652,1050
684,4186,245
685,2105,3142
686,7120,2037
687,7921,2709
688,2619,261
689,7788,3387
690,8284,3284
691,4212,1675
692,7355,818
693,1856,3201
694,9841,1013
695,7992,1872
696,9299,186
697,1328,1016
698,194,309
699,4467,270
700,9298,642
701,2966,2857
702,7561,876
703,8466,1570
704,3946,2297
705,4637,2009
706,8640,2423
707,3655,168
708,3694,854
710,1915,903
711,7461,2092
712,3200,505
713,6998,3266
714,2010,2393
715,661,177
716,9246,3561
717,5918,2358
718,8108,2260
719,1324,3411
720,5343,3557
721,9424,1054
722,4930,752
723,9856,1221
724,818,256
725,6223,185
727,2793,2419
728,3066,467
729,8395,1005
730,6437,846
731,7492,3294
732,7544,3172
733,6863,277
734,9549,2897
735,7796,1307
736,2280,997
737,8721,2661
738,577,2446
739,3819,715
741,1350,3003
742,5648,2689
743,3721,2148
744,9193,2852
745,4371,811
746,6392,650
747,3634,629
748,4943,2123
750,6851,2646
751,9192,1005
752,6612,2358
753,2316,912
755,986,32
756,1082,2304
757,6452,2885
758,4083,1432
759,4031,153
760,9718,22
761,6861,268
762,1180,101
764,4815,1586
765,3759,3189
766,6522,2302
767,7145,1367
768,3267,584
769,1412,1685
770,6865,307
771,1689,921
772,8246,1061
773,4073,653
775,5956,1456
776,9947,161
777,68,1467
778,7272,364
779,5362,2630
780,3574,2571
781,6581,1777
782,3329,2880
784,8678,707
785,5780,1138
786,1008,2419
787,7735,1243
788,8950,320
789,1893,2728
790,293,2357
791,1241,2960
792,4658,1122
793,6059,2624
794,1081,3494
795,5831,3478
796,988,3018
797,9814,2139
798,3151,1237
799,5406,2695
800,7374,2990
801,2193,2185
802,7584,2791
803,1291,2166
804,5356,738
805,7855,3430
806,786,2819
807,8128,1295
808,9706,1074
809,2596,1489
810,5707,2902
811,5123,2965
812,3481,3155
813,6994,502
814,4202,1821
815,2533,755
816,9255,2663
817,3904,2962
818,7073,691
819,7437,1696
820,5866,1321
821,7097,1112
822,972,2792
824,5388,3194
825,4656,709
826,6042,2917
827,8070,1737
829,2382,2407
831,5580,3516
832,8572,2829
833,8922,231
834,2709,1678
835,2294,1590
836,9801,1098
837,7642,3274
838,7651,2134
840,9012,1337
841,8842,98
842,5604,2349
843,9439,2569
844,8732,1613
845,5436,3320
846,6283,742
847,1971,801
848,4167,3015
849,254,2774
851,9709,3481
852,2675,1451
853,9230,3513
854,6908,1205
855,8769,1089
856,3673,253
858,4783,2042
859,7000,3185
860,9463,1915
861,4303,2408
862,3544,1684
863,2778,3146
864,8772,394
865,1998,1916
866,6731,1709
868,6442,391
869,6284,256
870,1906,2445
872,2935,2167
873,2836,417
874,575,1350
875,5860,2724
876,5606,3286
877,7794,2199
878,9153,847
879,8733,3175
880,8256,2614
881,7228,2120
882,12,1190
883,4103,1972
884,8032,292
885,2766,504
886,2103,2536
888,773,1564
889,6103,1623
890,5438,2449
891,4514,3527
892,1827,1273
893,2788,1845
894,6501,3294
895,8134,643
896,1725,2281
897,3911,2846
898,4236,3163
899,1420,2307
900,9939,613
901,2417,3281
902,507,207
903,217,1655
904,2882,1194
905,9949,314
906,122,1849
907,7998,3069
908,2334,788
909,8109,1935
910,9536,453
911,5995,2014
912,3429,2005
913,5495,1445
914,7273,356
915,9844,2400
916,338,297
917,4713,19
918,5243,74
919,7606,1215
920,892,2307
921,7665,2429
922,790,1802
923,4417,1710
924,7035,1033
925,6733,155
926,6000,1059
927,2867,1423
928,3705,3128
929,3650,1142
930,1652,800
931,3315,751
932,2978,1819
934,6926,886
935,2791,3030
936,4030,2445
937,4635,2200
938,8325,632
939,4489,1260
940,9526,1380
941,9174,933
942,3370,2069
943,3254,365
945,8792,1256
946,5109,679
947,4651,735
948,7247,150
949,9805,1459
950,9721,2938
951,2672,1790
952,3243,3500
953,8701,1105
954,5271,1541
956,443,2784
957,7611,2041
958,1072,3083
959,1106,30
961,5610,746
962,162,2016
963,2002,1100
964,7963,3088
965,5066,1875
966,9283,1612
968,8878,1903
969,3796,1423
970,2009,2008
971,4864,2402
973,384,1764
974,801,1385
975,639,3199
976,113,2025
977,1976,1824
978,223,1766
979,2585,2962
980,3562,3496
981,4252,120
982,9303,770
983,305,2468
985,4179,778
986,3295,90
987,6121,2277
988,721,1922
989,1930,1944
990,592,1254
991,5446,2976
992,9453,1212
993,330,2405
994,6087,301
995,9212,2638
996,251,17
997,4400,3249
998,4816,1449
1000,1242,636
1001,8972,3234
1002,4138,2363
1003,5003,1892
1005,4624,3264
1006,6186,812
1007,5144,2055
1008,2473,2058
1009,5166,1810
1010,1435,1764
1011,4279,509
1012,6320,2851
1013,4811,1992
1014,5750,2723
1015,7427,853
1016,998,2534
1017,406,868
1018,6802,1641
1019,8073,2340
1021,1392,1353
1022,3554,1785
1023,3630,2588
1024,5113,3000
1025,6417,3405
1026,415,3168
1028,1618,300
1029,58,933
1030,2968,2221
1031,6489,3503
1032,8049,1245
1033,588,2368
1034,4227,477
1036,1154,1653
1037,2629,2215
1038,940,939
1039,5374,3585
1040,4504,2091
1041,6638,2837
1042,9645,797
1043,3040,2598
1044,8148,814
1045,9945,3221
1046,8005,609
1047,9926,1393
1048,9852,2217
1049,7792,2396
1050,4211,2938
1051,7905,3422
1052,7161,364
1053,6829,2177
1054,8912,1223
1057,6033,1234
1058,4953,130
1059,6927,328
1060,2995,1134
1061,4025,3280
1062,5614,2539
1063,760,1492
1064,5705,3431
1065,4825,2710
1066,1711,2726
1068,4458,1331
1069,2381,3063
1070,1664,2355
1071,7026,3003
1072,2950,2712
1073,7649,2264
1074,2679,2432
1075,6082,1391
1076,3231,2970
1077,285,181
1078,2975,2879
1079,3875,2642
1080,5621,2747
1081,11,225
1082,9436,2139
1084,9093,2627
1085,7195,2836
1086,1257,213
1087,1685,2581
1088,8118,380
1089,4954,148
1090,9356,3575
1091,7670,1869
1092,6387,2964
1093,5130,2003
1094,9300,2603
1095,3497,137
1096,7236,2674
1097,228,2882
1098,2813,3029
1099,641,1438
1100,6885,2671
1101,6264,2673
1102,4480,2860
1103,2635,1366
1104,7373,2737
1105,5483,848
1106,3139,95
1107,7697,97
1108,73,2308
1109,53,423
1110,1957,801
1111,7823,992
1112,1605,3364
1113,9723,2139
1115,7805,1038
1116,5519,2178
1117,3076,2078
1118,8520,1956
1119,1641,2758
1120,4854,85
1121,4709,528
1122,4573,2885
1123,3536,692
1124,3227,2928
1125,6806,2190
1126,885,1634
1127,3777,2586
1128,8409,3466
1129,7829,1087
1130,7552,3165
1131,5506,162
1133,5363,607
1134,8881,1676
1135,9029,23
1137,2973,131
1138,4405,636
1139,943,2244
1140,1578,113
1141,4677,1026
1142,6032,1558
1143,5101,2085
1144,25,1735
1145,5747,3365
1146,6770,1361
1147,679,654
1148,8942,2314
1149,9138,3094
1150,3632,64
1151,374,2347
1152,1513,2118
1153,6558,1666
1154,2640,775
1155,3188,961
1156,4887,2010
1157,3827,206
1158,7029,3565
1159,5423,2658
1160,5449,1478
1161,9169,177
1162,2186,3196
1163,3346,1454
1164,1007,1285
1165,6685,1454
1167,3758,2090
1168,3495,1371
1169,510,715
1170,6936,2198
1171,4889,2808
1172,728,374
1173,4678,975
1174,7049,1452
1175,3568,91
1176,7377,3193
1178,1336,1304
1179,8601,606
1180,9946,3459
1181,7880,3507
1182,6004,2314
1185,5179,880
1186,2494,2668
1187,1398,2153
1188,46,729
1189,2051,1475
1190,6857,1363
1191,8242,1428
1192,1947,2147
1193,7169,329
1194,6579,2566
1195,2655,2777
1196,376,2675
1198,379,3496
1199,1682,2166
1200,538,1593
1201,5490,3200
1202,5594,2905
1203,9156,282
1204,8969,1424
1205,7896,2429
1206,4188,1968
1207,4791,1709
1208,9653,2446
1209,1547,1968
1210,1179,3207
1211,3782,3139
1212,7055,3225
1214,3701,873
1215,6537,2883
1216,793,1274
1217,6928,1590
1219,2790,2594
1221,9679,2926
1222,4168,398
1223,2931,540
1225,4901,1422
1226,8227,2921
1227,6573,3094
1228,4998,3558
1229,729,15
1230,2247,2988
1232,2707,2507
1233,9128,1703
1234,3671,2968
1235,2982,1830
1236,5455,3018
1237,3535,1774
1238,929,2570
1239,9101,3482
1241,7695,1482
1242,9920,825
1243,2471,2986
1244,2553,2872
1245,6019,956
1246,683,683
1247,9066,234
1248,3664,3003
1249,7771,2411
1250,6496,259
1252,3961,1404
1253,688,2050
1254,2459,20
1255,6765,3135
1256,5334,131
1257,4869,1627
1258,7785,254
1259,4985,3462
1260,3986,2972
1261,4121,3564
1263,610,1633
1264,3916,10
1266,4275,3058
1267,6028,1243
1269,4479,2724
1270,4640,832
1272,5546,2107
1273,9041,631
1274,4143,147
1275,8549,1792
1276,6583,323
1277,5788,2467
1278,3723,967
1280,9783,1939
1281,7184,286
1283,9108,3068
1284,2727,542
1285,6965,814
1286,2492,2350
1287,562,2165
1288,5600,3052
1289,8567,1723
1290,4763,3159
1291,3381,143
1292,2673,3486
1293,2715,1871
1294,424,605
1295,9931,3299
1296,1368,1726
1297,4636,419
1298,6809,3536
1299,488,2823
1300,8979,383
1301,1646,1341
1302,1629,3200
1303,598,975
1304,145,2241
1305,1635,697
1306,177,65
1307,956,634
1308,3411,600
1309,3214,1024
1310,4334,169
1311,5053,1547
1312,1142,747
1314,7623,3339
1315,3410,654
1316,8321,483
1317,8661,673
1319,6655,223
1320,4356,2172
1321,99,1651
1322,4632,1354
1323,4286,1858
1324,4353,889
1325,7898,2179
1326,8806,1633
1327,6569,2168
1328,2974,3332
1329,3299,2721
1330,91,394
1331,3857,389
1333,5910,955
1334,5954,2137
1335,5447,599
1336,1789,2565
1337,4963,942
1338,2972,2632
1339,8403,3126
1340,8286,3233
1342,3146,1430
1344,1697,988
1345,8914,2039
1346,5282,549
1348,5819,1567
1349,5072,2218
1350,2199,79
1351,1604,3
1352,2781,2463
1353,4036,2105
1356,8723,2415
1357,7878,366
1358,6762,3405
1359,8198,1130
1360,8079,59
1361,4426,603
1362,9825,2947
1363,2213,2347
1364,7473,3002
1365,7714,2288
1366,5264,295
1368,2825,3385
1369,6321,419
1370,9644,1534
1371,3052,3273
1372,1704,296
1373,8474,3197
1374,693,2341
1375,3910,1940
1376,9951,2635
1377,3618,159
1378,6854,3459
1379,243,54
1380,7899,3181
1381,2930,567
1383,7621,510
1384,9365,2942
1385,7067,2921
1386,9845,1289
1387,4659,3550
1388,8791,651
1389,4187,1056
1390,4557,1859
1391,2106,1398
1393,630,1939
1395,6744,162
1396,5799,2592
1397,9943,874
1398,3992,2451
1399,8423,887
1401,9998,766
1402,478,1851
1403,775,3352
1404,1344,1448
1406,7711,956
1407,5533,1002
1408,4012,2568
1409,6919,2291
1410,8301,16
1411,4230,437
1412,7196,2300
1413,5192,503
1415,1406,2585
1416,9083,531
1417,9611,2956
1418,4843,3243
1419,5817,3498
1420,5429,2930
1421,7164,2467
1422,4767,1752
1423,2054,2883
1425,3596,1815
1426,9677,3240
1427,4177,1703
1428,677,3442
1429,2535,1955
1430,9110,2973
1431,1157,3171
1433,382,1306
1436,8211,1757
1437,2110,2891
1438,1386,854
1439,5806,1420
1440,2818,1960
1441,9617,1822
1443,2133,570
1444,3821,346
1445,7892,1412
1446,965,1144
1447,3968,3175
1448,3561,3055
1449,7941,2725
1452,1692,2018
1453,9704,3408
1454,6699,275
1455,5617,3078
1456,9248,3410
1457,4369,3427
1458,4451,1784
1459,8855,2860
1460,7496,1191
1461,4871,528
1462,6658,1389
1463,1359,1532
1464,673,591
1465,9688,427
1466,4283,1960
1467,239,1139
1468,9318,1137
1470,8991,2566
1471,9420,3263
1472,1939,3326
1473,9146,3098
1474,2134,3085
1475,1134,2765
1476,1632,3267
1477,7524,2783
1480,4590,3466
1481,7933,2937
1482,6562,2891
1483,3936,3176
1485,8722,552
1486,5428,1922
1487,199,2389
1488,5378,3181
1489,9331,3533
1490,8888,186
1491,563,1473
1492,6425,1576
1493,8996,1597
1494,5037,59
1495,9239,394
1496,4603,2707
1497,4890,2771
1500,3636,487
1501,8834,2708
1502,4388,97
1503,6625,431
1504,9870,2395
1505,163,1000
1506,9806,2800
1507,3326,568
1508,6134,690
1509,8986,76
1510,2912,3456
1511,2013,2781
1512,5645,3113
1513,8318,201
1514,3552,695
1516,8394,1783
1517,2483,1870
1518,2942,2265
1519,5298,193
1520,7871,2569
1521,3737,2902
1522,5976,101
1523,6823,3055
1524,3310,2051
1525,5485,489
1526,2000,679
1527,3840,266
1528,2042,1941
1529,6249,2005
1530,5904,2969
1531,4166,622
1532,5383,967
1533,8500,1973
1534,1512,762
1536,7843,1065
1537,6667,3249
1539,995,2444
1541,3349,2670
1542,5861,2813
1543,1630,3088
1544,4094,1654
1545,6815,324
1547,1127,1020
1548,1981,160
1549,8558,137
1551,6526,2705
1552,6340,522
1553,3435,1626
1554,3954,2092
1555,3974,518
1556,66,2984
1557,8311,1682
1558,3933,3133
1559,4810,2755
1560,6614,2172
1562,2967,535
1564,9112,41
1566,6310,2238
1567,440,3045
1568,6094,26
1570,4053,2243
1571,4669,3270
1573,9755,2460
1574,5075,2001
1575,6047,2959
1576,2360,598
1577,9341,310
1578,2146,1189
1579,2123,225
1580,6668,1266
1581,1320,2704
1582,7647,2456
1583,9717,1748
1584,2394,719
1586,522,2848
1587,5026,29
1588,6696,2666
1589,4498,1209
1590,1987,558
1592,6285,1987
1593,3670,513
1594,7834,2107
1595,9346,1895
1597,8302,3071
1598,6462,3152
1599,8119,3577
1600,7489,1562
1601,4375,333
1602,8322,980
1603,3838,506
1604,7566,514
1605,7183,3502
1606,6010,2852
1607,758,927
1608,4235,1160
1609,3004,1614
1610,2887,421
1611,8449,1442
1613,1941,1691
1614,1887,1686
1615,6482,2846
1616,2668,2362
1617,1712,2335
1619,6419,2553
1620,3784,3332
1621,7471,2692
1623,5454,976
1624,5752,444
1625,6860,1157
1626,8670,92
1627,8860,2687
1628,7178,2662
1629,1204,3259
1630,958,1207
1631,8291,3393
1633,9320,43
1634,2708,2163
1635,6154,2651
1636,6384,802
1637,8582,2548
1638,142,1771
1639,5043,3264
1640,6441,377
1641,7799,1497
1643,7839,564
1644,5170,1366
1645,636,1774
1646,6401,3200
1647,8813,1862
1648,4044,675
1649,9506,1620
1650,1586,2424
1651,4765,2830
1653,5194,283
1655,739,3344
1656,8166,2687
1657,7290,1967
1658,4529,237
1659,8531,2274
1660,311,2705
1661,1012,2044
1663,9264,3318
1664,6339,3093
1665,9661,2213
1666,2293,2600
1667,7078,2528
1668,3001,2756
1669,1404,2389
1671,3428,2143
1672,4379,2478
1673,9659,535
1674,777,2767
1675,4826,268
1676,7575,97
1677,419,2585
1678,5897,2825
1680,1892,843
1681,2168,1407
1682,6767,1383
1683,4456,3426
1684,7774,722
1685,9652,2142
1686,3056,391
1687,4435,2203
1688,7863,3162
1689,1031,1774
1690,6833,3367
1691,9403,1258
1692,3150,2330
1694,8864,1125
1695,7832,1096
1697,7438,2840
1698,284,611
1699,6034,777
1701,4679,184
1702,5667,3040
1703,5653,3191
1704,5932,557
1706,6053,1729
1707,7156,2071
1708,811,3582
1709,9363,2026
1710,9836,2409
1711,9525,2684
1712,2052,1312
1713,9883,2783
1716,2006,3504
1717,4806,1842
1718,4129,654
1719,9596,2775
1720,2630,1059
1721,1731,756
1722,9769,2404
1723,9570,2595
1724,2037,3336
1725,2135,2137
1726,2532,2209
1727,2295,922
1728,857,302
1729,4432,2050
1730,9808,2656
1731,825,3088
1732,5670,1241
1733,669,1300
1734,3627,2805
1735,6786,1977
1736,5724,228
1737,1727,2971
1738,3467,1251
1739,3389,3514
1740,8785,2405
1741,8570,3176
1742,8206,358
1743,2479,1049
1745,7637,2365
1746,2291,1593
1747,3490,2570
1748,3100,1968
1749,7189,11
1750,2003,866
1752,6311,853
1753,4061,1605
1754,8259,394
1755,9359,2357
1756,6859,1848
1757,7931,845
1758,3897,2652
1759,2625,2397
1760,6563,2121
1761,4629,1808
1763,6648,3159
1764,350,2452
1765,7454,3028
1767,2571,403
1768,7852,2995
1769,7087,1053
1771,476,447
1772,9056,1586
1773,8764,152
1774,8088,339
1775,6944,1615
1776,6287,1260
1777,3044,1481
1778,9670,852
1779,3377,921
1780,556,1811
1781,3557,1653
1782,3453,3547
1783,3321,3362
1784,5625,1021
1785,1282,2687
1786,9147,349
1787,2147,2378
1788,6024,2685
1789,7432,2886
1790,1965,1540
1791,7275,1180
1792,9000,533
1793,5503,1154
1794,6046,850
1795,7415,395
1796,5840,1490
1797,7293,1774
1798,2480,3204
1800,6939,1274
1801,4577,2739
1802,1262,291
1803,6495,1749
1804,4741,1280
1805,2573,425
1808,6054,1012
1809,7285,3578
1811,3912,2752
1812,2799,1816
1813,6987,1074
1814,7465,1410
1815,924,853
1816,3898,2850
1817,9391,2741
1818,3872,2692
1820,5570,960
1822,8200,2333
1823,2389,3324
1825,4262,2216
1826,5364,2796
1827,6377,3020
1828,3849,1519
1829,5229,3079
1830,6116,2808
1831,8708,1493
1832,364,1006
1833,9,501
1835,6473,2335
1836,3745,1246
1837,7450,149
1838,5930,3369
1839,391,2332
1840,89,188
1841,36,2019
1842,3996,3213
1844,9514,3197
1845,6839,3137
1846,8050,1164
1847,6256,2870
1848,9754,2033
1849,4021,2420
1850,2373,1738
1852,1303,1583
1854,9433,34
1856,5133,1071
1857,700,3547
1858,5272,1288
1859,3421,1655
1861,7512,385
1862,7452,1700
1863,8140,1859
1864,9660,2761
1865,3172,2778
1866,9537,1355
1868,6139,1455
1869,3767,569
1870,7443,1575
1871,8313,3249
1872,2357,789
1873,867,3346
1874,2546,161
1875,4932,2559
1876,4406,3209
1878,502,2858
1879,4513,408
1881,9224,3246
1883,5711,2413
1884,7748,2634
1885,9260,2219
1886,433,1406
1887,3879,661
1888,6490,2688
1889,6472,2607
1890,6261,1630
1891,2539,1505
1892,5598,3547
1893,4863,2745
1894,5886,973
1895,869,1383
1896,8951,2699
1897,9497,1822
1899,7534,1539
1900,6343,2030
1903,7602,2578
1904,4115,3197
1905,1158,1652
1906,7776,522
1907,927,2619
1908,3864,2502
1909,615,1562
1911,6361,2971
1914,6185,3538
1917,4335,2091
1918,1252,1974
1919,1235,1586
1920,185,2250
1921,3763,2025
1922,5422,3598
1924,436,1254
1925,5252,168
1926,2957,404
1927,7548,2917
1928,9965,2471
1929,822,2692
1930,3113,2303
1931,772,1983
1932,4042,3269
1933,621,1461
1934,3191,135
1935,3322,2504
1936,9586,2523
1937,4940,833
1938,2980,2995
1939,9459,1582
1940,6665,1617
1941,954,3340
1942,5926,609
1943,9978,749
1944,5167,2927
1945,1647,1487
1946,5425,2498
1947,9615,457
1948,8592,3043
1949,1297,2446
1952,8749,546
1953,3976,509
1954,8205,449
1955,3994,1416
1956,2164,2153
1957,5180,2748
1958,7926,2863
1959,9354,2481
1960,882,3203
1961,8796,3303
1962,5843,164
1964,6521,1334
1965,3852,891
1966,2644,2261
1968,6956,2217
1969,8197,1546
1971,9172,3483
1972,7891,2008
1973,5718,440
1974,7479,3515
1975,4839,272
1976,1706,601
1977,6405,2386
1978,9045,2686
1979,1597,1095
1980,7845,2692
1982,4962,1436
1983,3901,1254
1984,4003,1254
1985,1899,3051
1986,4016,2626
1987,2934,3497
1988,513,521
1989,2547,2052
1990,4047,2312
1991,3079,556
1992,2472,2625
1993,889,1317
1995,9800,1890
1996,1546,2536
1998,5071,1478
1999,9662,3207
2000,3573,2993
2001,8962,1395
2002,9073,2353
2003,6763,736
2004,381,974
2005,2696,2312
2007,6263,1231
2008,465,2468
2009,8574,249
2010,362,2652
2012,6093,3292
2013,1724,290
2014,817,2408
2015,6884,1350
2016,2448,916
2017,5067,825
2018,5082,2945
2019,4934,3487
2020,7725,1920
2022,8641,3496
2023,5114,1614
2024,6221,1890
2025,9492,2920
2026,7888,304
2027,5038,289
2028,1269,863
2029,8009,3560
2030,7958,860
2031,4530,420
2032,8865,3349
2033,979,685
2034,7889,1687
2035,8831,3543
2036,9204,1482
2037,1227,2671
2038,3252,3487
2039,2150,3333
2040,2097,506
2041,2486,2863
2042,5373,2283
2043,9892,115
2044,3810,2353
2045,1128,3361
2047,5201,548
2048,9175,1081
2049,5189,2547
2050,5658,1516
2051,897,332
2053,6788,2528
2054,1686,2985
2055,9173,2274
2056,9967,3288
2057,3545,2651
2058,3250,2
2059,1894,3336
2060,938,3113
2061,6109,3068
2062,9268,2803
2063,2109,408
2064,4849,2898
2065,7988,788
2066,629,1775
2067,1270,1303
2068,9337,2298
2069,3942,2494
2071,4507,2616
2073,3362,3133
2074,2165,2476
2075,687,3291
2078,413,1924
2079,698,1151
2080,5731,3340
2081,2948,3242
2082,6414,875
2084,7978,2291
2085,5911,1031
2086,6789,680
2087,2901,2145
2088,9944,1021
2089,5415,1901
2090,8320,3502
2091,3606,2718
2092,5520,166
2094,7219,1547
2095,1997,3103
2096,6572,2217
2097,4258,3435
2098,83,3202
2099,947,2865
2100,6890,543
2101,3786,1879
2102,623,2268
2103,6370,3247
2104,1773,3348
2105,5482,1173
2106,8150,2346
2107,3937,1309
2108,2180,3084
2109,2983,2547
2110,5225,2806
2112,5380,3029
2113,2661,1047
2114,6158,1276
2115,3245,1960
2117,3722,3565
2118,2647,3249
2119,3947,1979
2121,6622,24
2122,8789,1786
2123,112,2358
2124,8528,1470
2125,9334,1717
2126,7879,1899
2127,8377,451
2128,9111,3243
2129,9697,1714
2130,6050,448
2131,9937,1277
2132,5068,2325
2133,5710,2668
2134,9585,3579
2135,5304,3176
2136,7256,2961
2137,9981,2555
2138,1095,1946
2139,8479,2415
2140,7662,1595
2141,8866,2934
2142,5554,3385
2144,5405,350
2145,2502,249
2147,9907,675
2148,1984,917
2149,3802,924
2150,2355,3370
2151,8773,615
2152,812,776
2153,8652,1873
2155,2565,222
2156,3183,580
2157,5836,1273
2158,334,2035
2159,6325,3023
2160,3000,3371
2161,3028,1188
2162,1815,1025
2163,7504,2058
2164,135,3360
2165,4918,2587
2166,3202,2259
2167,670,212
2169,1044,1200
2170,6909,1654
2171,9178,2708
2173,7435,3503
2175,2327,3387
2176,4027,881
2178,8766,1995
2179,5349,261
2180,7307,1570
2181,5827,643
2182,4395,1632
2183,8086,428
2184,566,957
2185,8036,1191
2186,7345,383
2187,7518,3416
2188,8330,2425
2189,5001,3053
2190,3417,3357
2191,9245,2497
2192,2414,585
2193,9385,2758
2194,6222,3037
2195,8487,2177
2196,3211,2737
2197,7554,318
2198,5286,1770
2199,9922,371
2200,3750,2616
2201,3296,749
2203,387,557
2204,4010,3191
2206,9897,3
2207,1659,358
2208,3287,1938
2209,7393,430
2210,9186,830
2211,1422,492
2212,1237,2608
2214,8977,546
2215,5771,2198
2216,8735,890
2221,9646,584
2223,1853,47
2224,224,274
2225,7028,549
2226,4172,283
2227,9043,571
2228,5813,3166
2229,829,2256
2230,707,2722
2231,6278,237
2232,8224,3451
2234,7613,295
2235,8094,3167
2236,2895,869
2237,4944,3565
2239,3311,1702
2240,278,3271
2242,3998,1306
2243,5914,2865
2244,2031,384
2245,6551,3073
2247,6931,2663
2248,681,1914
2249,1187,3123
2250,8194,2068
2251,5545,2968
2253,6085,2953
2254,5092,1078
2255,1293,447
2257,655,2772
2258,1417,2243
2259,5643,362
2260,78,2244
2261,2305,1359
2262,3980,2544
2263,6484,3323
2266,6446,2955
2267,9364,627
2268,9711,3451
2269,5677,1593
2270,2442,2335
2271,3885,1149
2272,460,417
2273,9449,2371
2274,7027,3229
2275,2454,2855
2276,1599,1229
2277,2924,922
2278,4737,676
2279,7262,1039
2280,8058,1213
2282,5812,855
2284,9656,1832
2287,9340,406
2289,5134,1475
2290,6674,1569
2291,8368,1387
2292,748,3290
2293,4429,2869
2294,853,1261
2296,6337,3243
2297,5047,293
2298,8061,953
2299,4423,1842
2300,3743,3129
2301,1443,724
2302,2998,3325
2303,900,3420
2304,9588,1837
2305,5548,2476
2306,1329,2819
2307,5382,1495
2308,5809,2959
2309,2028,395
2310,8538,813
2311,3773,3547
2312,7462,488
2313,3158,165
2314,6728,2433
2318,9482,2382
2319,157,3083
2320,8857,1608
2321,6168,1795
2322,3499,571
2323,7568,3047
2325,318,692
2326,578,1625
2328,3095,587
2329,9347,431
2330,6430,293
2332,6160,1140
2334,3546,954
2335,6634,1484
2338,6219,669
2339,8553,469
2340,8510,3385
2341,2713,3572
2342,395,1387
2343,7644,370
2345,534,2591
2346,4392,2683
2347,7416,222
2348,1811,1436
2349,4751,249
2352,7261,1615
2354,4556,1910
2355,8698,2713
2356,8847,2476
2358,4156,2327
2360,4782,3169
2362,1793,1840
2363,9309,193
2366,2761,1853
2367,6065,3443
2368,8830,1064
2369,8637,3371
2370,5741,750
2371,2710,771
2373,5562,2023
2374,9266,2238
2375,6293,2913
2376,6248,2171
2377,5397,865
2378,6649,2988
2379,2969,2745
2381,1847,429
2382,7721,341
2383,1468,3271
2385,5802,2766
2386,2993,514
2387,5253,2445
2388,4674,187
2390,8534,1853
2391,5315,3215
2393,3667,1733
2394,1132,2797
2395,5641,2453
2396,7844,862
2397,1565,1479
2398,4215,1510
2399,555,377
2401,5544,2307
2402,5701,823
2404,2745,3528
2405,8071,3505
2406,1523,3186
2411,9166,1721
2413,2557,2330
2414,6528,2920
2416,210,472
2417,6204,2443
2418,7604,2479
2419,2503,359
2420,6206,2646
2421,6644,1852
2422,404,2927
2423,8552,2555
2424,3199,711
2425,5517,2461
2427,9714,1382
2429,6615,3583
2430,6327,3565
2433,964,3535
2434,3164,1884
2436,2677,373
2437,9694,1293
2439,8053,451
2440,7925,1731
2441,8413,3501
2442,2374,480
2443,6159,3290
2444,1047,2353
2445,4886,1684
2447,9470,2030
2448,2443,683
2449,1041,206
2450,8662,2419
2451,9221,1521
2453,7983,3170
2454,6003,2406
2455,3803,288
2456,8428,1028
2457,4805,3016
2458,6427,268
2460,5951,3046
2461,3394,1100
2463,9342,336
2464,1710,3125
2465,5174,1150
2466,1215,2322
2467,3795,801
2468,6774,2452
2470,1674,2316
2471,1835,2324
2472,3799,2586
2473,496,3019
2474,3902,454
2475,9707,43
2476,1763,3210
2477,3959,1414
2478,2411,2362
2480,6958,2067
2481,2359,960
2484,5798,1445
2485,3228,2953
2486,8101,1521
2487,8514,1745
2488,7317,157
2490,1203,2371
2491,2474,3308
2492,4126,993
2494,3941,1468
2495,3577,1235
2496,4475,3473
2497,8976,7
2498,7368,1833
2500,2413,2522
2501,9176,2916
2502,8164,672
2503,8613,3439
2504,9747,1163
2506,5509,3265
2507,8490,1854
2509,3660,3108
2511,4894,1871
2512,5568,2694
2513,9619,2311
2514,9091,156
2516,9219,1015
2519,4342,2451
2520,1093,1696
2521,72,839
2522,1053,638
2523,1150,1809
2524,7458,2819
2525,2201,272
2526,9643,1054
2527,1477,1359
2528,8168,401
2530,6218,3532
2531,7277,964
2532,2155,502
2533,7761,2161
2534,8145,1124
2535,4571,3254
2536,1590,83
2537,2328,1898
2538,5022,2731
2539,23,2830
2540,4255,375
2541,3091,1745
2544,2022,1815
2545,5112,2098
2546,5259,1938
2547,5536,1920
2548,3766,3310
2550,8488,1207
2551,8468,3268
2552,3654,3327
2553,6023,1770
2554,8477,381
2555,1400,939
2556,7573,1829
2558,2959,2
2559,9122,3097
2560,9816,2216
2562,5988,392
2563,95,3199
2565,805,2295
2566,4710,1237
2567,9382,747
2568,8251,1802
2569,2953,593
2570,7842,639
2571,1555,2015
2572,2401,2856
2573,3089,2347
2574,5680,1943
2575,2478,1483
2576,2526,2834
2577,3196,3296
2578,7681,3514
2579,9444,1837
2580,6167,2172
2581,8041,1415
2582,1285,1255
2583,8884,2414
2584,156,1608
2587,3739,1131
2588,3174,3196
2590,5292,2866
2591,5899,712
2592,5975,1147
2593,8754,2951
2596,1276,505
2597,516,18
2598,1354,84
2599,5634,732
2600,5103,3109
2601,7312,1344
2602,5057,3188
2603,5762,874
2604,5715,3148
2606,4645,3395
2607,5638,2716
2608,5387,1880
2609,9031,164
2610,2421,169
2611,6231,2227
2612,7948,2143
2614,1114,1933
2615,2173,3296
2617,6128,1158
2618,3319,1019
2619,7938,3341
2620,3185,29
2621,277,1164
2622,1462,2321
2623,2093,914
2624,6737,2667
2626,3830,3119
2628,6871,555
2629,7324,1855
2630,2885,644
2632,204,1112
2633,9281,2905
2634,9130,1451
2635,9999,3584
2636,9227,2394
2637,7848,3360
2638,4734,3435
2639,3615,1197
2640,3639,1304
2641,2776,852
2642,2455,1316
2643,9118,2865
2644,2841,1747
2646,4744,1350
2648,5222,2971
2649,4627,1351
2650,625,2016
2652,2277,917
2653,3388,551
2654,8625,2967
2655,7526,1637
2656,3,1262
2657,7995,3334
2658,1687,524
2660,1188,903
2662,8045,1714
2664,1339,1514
2665,809,2047
2666,9708,1856
2667,1210,2494
2668,1626,256
2669,2937,1321
2670,1223,2113
2671,754,1642
2672,8470,1811
2674,9724,2032
2675,5637,3149
2677,7641,546
2678,5579,1943
2679,8482,1307
2681,1743,373
2682,9983,500
2683,6989,1269
2684,2681,1502
2687,5716,209
2688,8775,571
2690,9179,1797
2692,3387,3451
2693,526,364
2694,8310,2566
2695,4068,400
2697,7812,2949
2698,2102,2269
2700,6329,984
2701,7280,3169
2703,3719,1075
2705,6471,470
2706,8469,1437
2707,7676,3549
2708,4847,695
2709,3513,1560
2710,1348,467
2711,9942,878
2712,7913,1555
2713,7163,358
2714,3528,2899
2716,1092,3415
2717,250,114
2719,8461,781
2720,5717,2174
2721,1903,642
2722,3369,2861
2724,8909,2164
2725,6672,2032
2726,340,16
2727,6358,2145
2729,5366,2858
2730,264,1659
2731,5008,1562
2732,1135,2122
2733,8411,1000
2734,3543,3110
2735,1549,607
2736,7103,2490
2738,7752,1566
2739,7713,1560
2741,676,2589
2742,4515,3581
2743,8457,1603
2744,9019,2230
2745,746,3324
2747,1507,856
2749,4732,990
2750,1834,2012
2751,962,3520
2752,1779,3508
2753,6954,1088
2754,9959,1997
2755,9849,1776
2756,6502,2617
2757,2979,1786
2758,7683,528
2760,3334,1508
2761,9982,3495
2762,1538,3233
2763,738,109
2764,9851,3449
2766,5435,3339
2767,7532,2856
2770,2285,929
2771,5659,1690
2772,5213,3159
2773,991,2564
2774,1016,355
2776,3822,2071
2777,8882,112
2778,4866,2842
2779,92,1443
2781,3752,3244
2782,6800,678
2783,6717,347
2785,3609,1543
2786,8267,3496
2787,2424,220
2788,990,2096
2789,5564,2443
2790,1770,1396
2791,5210,1579
2792,4735,27
2793,8685,3596
2794,3966,1476
2795,9380,1653
2796,597,1153
2797,2658,244
2798,495,3248
2799,2352,2441
2800,6012,2766
2801,1787,266
2803,7210,3529
2804,1619,2208
2806,9558,1078
2807,672,3018
2808,8916,1489
2809,8826,298
2811,8040,2509
2812,7538,676
2813,6750,3182
2815,2591,1461
2817,4717,608
2818,3890,1267
2820,2827,3248
2821,4026,956
2822,1559,424
2824,6701,3585
2825,3831,886
2826,9132,3456
2828,6227,2438
2829,9229,1277
2830,6067,95
2832,4015,1878
2833,2728,1301
2834,3255,11
2835,609,747
2837,7847,979
2838,1830,2911
2840,9512,178
2841,4493,2606
2842,2393,2387
2843,7072,782
2844,1313,365
2846,6971,14
2847,4464,3195
2848,4169,3111
2849,3108,864
2853,3749,1184
2854,9610,1102
2855,4502,3392
2856,7206,683
2857,9663,2699
2859,4852,2254
2860,9182,576
2862,1055,1864
2864,5220,80
2865,6629,1985
2866,3006,1538
2868,1832,216
2869,6510,2003
2870,5513,2438
2872,5749,494
2873,4621,191
2874,6953,1634
2875,9210,906
2876,2392,2503
2877,8687,651
2878,1603,110
2879,5969,3506
2881,1577,1752
2882,8007,2420
2883,1863,1351
2885,7824,534
2887,2724,824
2888,8182,65
2889,5019,2288
2890,2971,1323
2893,4548,1401
2894,7559,651
2895,3201,2544
2897,6704,2429
2898,6298,679
2899,2522,2519
2900,2245,1235
2901,1300,2448
2902,6734,2486
2903,4946,1030
2904,5204,515
2906,9072,1451
2907,6225,2479
2909,4023,2652
2910,7859,912
2911,1068,882
2912,160,2002
2913,8920,1155
2914,394,2198
2915,9028,2814
2916,1638,837
2917,4691,255
2918,2752,3163
2919,8639,1365
2920,4510,1198
2921,2445,3284
2922,8054,1126
2923,2779,138
2924,4469,971
2926,2488,2086
2927,5142,2639
2928,9250,532
2929,2938,559
2930,928,950
2931,2951,1041
2932,2903,1895
2934,6119,62
2936,2861,2432
2937,1430,1081
2939,6265,3592
2941,7679,1077
2942,715,2939
2943,8281,1469
2944,2084,367
2945,6507,841
2946,1560,3293
2947,8172,1260
2948,9902,3115
2949,2623,1323
2950,7436,1102
2952,9787,1563
2953,561,1488
2954,3131,3064
2955,2822,2056
2956,6326,217
2957,8306,2493
2960,5396,540
2962,9552,636
2963,8809,2110
2964,6702,2547
2965,9251,2376
2967,1769,608
2968,930,1978
2969,3871,1717
2970,3564,1667
2972,8307,1042
2973,3626,134
2975,7352,871
2978,5147,3494
2979,1535,1333
2981,8546,2156
2982,9105,219
2983,8369,1040
2984,332,2924
2987,9858,881
2988,5437,1461
2991,9993,1569
2992,4261,3054
2993,6938,402
2994,9232,2890
2995,4968,798
2996,1824,3505
2997,2007,2703
2998,4269,2876
3000,8750,337
3001,5157,1518
3002,6723,3497
3003,3979,790
3004,9481,2145
3005,1057,2705
3006,9372,19
3007,3125,2773
3008,8822,726
3009,6056,2959
3011,7242,2703
3012,4331,1399
3013,9253,3038
3014,3470,3486
3015,6605,2359
3016,826,77
3017,3891,2293
3018,8299,192
3019,2197,2178
3020,5767,2426
3021,1625,2775
3023,1883,2473
3024,9135,820
3025,2261,2803
3026,6324,944
3027,1190,954
3028,8048,2725
3029,3037,1979
3030,1683,383
3033,9639,1604
3035,5989,563
3036,2702,2604
3037,7292,421
3038,1871,1
3040,2288,1004
3041,8421,1987
3043,3900,3441
3044,5654,3019
3045,8604,2800
3046,5597,2187
3047,253,2467
3048,9203,3023
3049,1201,385
3050,3652,2681
3051,7442,2520
3052,9802,2709
3054,8218,2690
3055,745,1041
3056,8890,2655
3057,4503,1850
3058,5254,133
3060,2897,981
3061,5722,3204
3062,3801,2994
3063,4860,1406
3064,1843,3537
3065,441,2834
3067,4681,2444
3068,2947,301
3069,4490,3540
3070,7314,3359
3071,3662,2442
3072,9188,1289
3074,3282,633
3077,4706,2666
3078,2024,1203
3079,8967,399
3080,6697,566
3081,2321,2379
3082,3578,1239
3083,2965,2211
3084,7329,1332
3085,905,1577
3087,9784,275
3088,3794,250
3090,1295,1091
3091,1798,714
3092,5938,681
3093,4069,682
3094,8618,773
3095,130,391
3096,3337,3463
3097,3571,1525
3098,6448,2871
3099,9435,1977
3100,6433,2590
3101,3461,2952
3102,5968,249
3103,2387,2447
3104,4316,12
3105,9198,108
3106,3549,428
3107,6195,2181
3108,3738,3488
3109,7383,233
3110,9048,1496
3111,7350,481
3113,6064,370
3114,9441,1074
3115,4274,1211
3116,7580,92
3117,9338,2616
3119,260,1594
3120,2226,1799
3121,6181,383
3122,5163,2672
3123,6031,3417
3125,6996,1691
3126,2797,668
3127,3320,3547
3128,5571,2367
3129,4308,127
3130,7431,2454
3132,4979,1406
3136,5510,1483
3137,4752,1398
3138,6937,1900
3139,5761,1273
3140,6043,1575
3141,1937,1244
3142,2039,928
3143,2879,938
3144,9557,1000
3145,7636,3374
3146,6238,604
3148,4959,375
3150,3526,1113
3152,3698,3107
3155,1992,738
3156,701,1694
3157,6040,2730
3158,8710,1415
3159,6523,2961
3160,4407,2277
3161,4414,982
3162,3675,1823
3163,3841,997
3165,8898,1841
3166,9361,1052
3167,1796,2229
3168,3503,2369
3169,16,666
3171,5769,2693
3172,7150,1913
3176,3806,2997
3177,6947,2664
3178,9167,1923
3179,5291,2917
3181,7379,485
3182,7556,2915
3185,1890,3422
3186,6553,1577
3187,2758,2056
3189,3039,2861
3190,7036,1768
3193,8937,293
3195,9454,942
3196,3156,2850
3199,9164,3545
3200,2955,1666
3201,1562,1305
3202,3314,62
3203,3607,2571
3205,2303,3256
3207,4408,1314
3208,2723,712
3211,7734,2173
3212,1777,2641
3213,2385,1326
3215,7708,3600
3216,2118,3303
3217,8484,2226
3219,417,2456
3221,9104,63
3223,8253,1750
3224,8905,3216
3225,8296,1001
3226,9377,2640
3227,469,3370
3228,7318,67
3229,26,1805
3230,6811,938
3232,8963,2865
3233,8667,415
3234,4497,918
3236,7756,2556
3237,9878,3199
3238,4270,326
3239,7767,2540
3240,4178,702
3241,9625,165
3242,4673,2630
3243,3023,3281
3244,977,52
3247,4762,1981
3248,3140,2981
3251,474,3333
3252,2734,2521
3254,9924,2595
3255,1283,3264
3257,7908,3564
3258,7082,3199
3259,150,2290
3262,2435,3422
3264,4174,1708
3266,2016,40
3267,9572,2366
3268,8043,3108
3269,9290,3310
3270,3049,1533
3271,3843,3291
3272,5094,923
3273,6380,1067
3274,4462,2033
3275,975,3111
3276,3032,659
3277,1311,3428
3278,948,1893
3282,9518,2982
3283,1341,1120
3284,9469,1448
3286,3576,721
3290,1009,2101
3291,5062,1158
3292,3097,1282
3294,2396,2602
3295,1067,1066
3297,1191,1283
3299,2574,972
3301,9548,2970
3302,1079,28
3303,1415,1175
3304,8521,2348
3306,6546,3452
3307,155,3495
3309,3152,267
3310,4892,2033
3312,7772,3232
3313,9925,1393
3314,3351,1850
3315,2030,1286
3316,9191,1284
3318,605,709
3319,7870,485
3320,8204,2904
3324,8669,2900
3326,1006,359
3327,5486,2972
3328,2452,1683
3330,1975,3340
3331,2894,2640
3333,9529,728
3335,6985,180
3336,2354,530
3337,5360,2582
3338,2863,1367
3340,3776,341
3341,5795,700
3344,7478,2080
3346,2183,788
3347,3657,2774
3348,1226,1213
3349,7002,121
3351,6215,3522
3353,4563,3475
3354,5566,2257
3355,7204,3190
3356,7208,1201
3358,3162,862
3359,2144,2211
3360,4296,589
3361,8133,2165
3362,5473,3414
3363,3471,2454
3364,7155,564
3366,5458,2187
3367,7375,2468
3369,4002,1309
3373,5616,2609
3374,8560,1303
3376,5434,1067
3377,2268,1258
3378,3094,2903
3379,2881,2103
3380,2812,2505
3381,3405,2807
3382,8873,2790
3383,1607,2124
3384,9853,2062
3385,8006,661
3386,1442,2404
3387,3373,882
3388,5965,2685
3390,98,650
3391,4357,188
3392,4748,3095
3394,7299,928
3395,6742,652
3396,4903,3501
3399,2346,1079
3401,5966,3431
3402,3261,2097
3404,838,2386
3406,8684,611
3407,6880,2746
3408,6217,1920
3410,5335,3476
3413,5726,276
3414,337,433
3415,6619,2084
3416,3548,266
3417,8781,2702
3418,6899,972
3420,9741,1697
3421,7287,1512
3422,5943,2130
3423,3303,2319
3424,5214,2894
3425,9467,1887
3427,5110,2431
3428,6647,3047
3429,8850,1221
3430,4285,575
3431,5892,2564
3432,7533,872
3433,1833,68
3434,2447,3077
3436,6440,3594
3437,6609,2881
3439,5774,1815
3442,2145,3399
3443,6777,211
3444,6535,3074
3445,9756,517
3447,2855,95
3448,7664,2582
3449,959,213
3450,4926,3439
3451,6852,118
3452,4687,187
3454,480,1419
3455,1881,1249
3456,5661,2400
3458,5376,3313
3459,1375,325
3461,1247,1808
3462,8988,2341
3465,6349,1067
3466,6923,3017
3467,5947,2946
3468,3382,1006
3469,9236,806
3471,1264,3114
3474,1897,53
3475,5139,2468
3476,8786,3095
3477,1250,1842
3479,8734,3181
3480,5052,81
3481,8739,2903
3482,5472,3530
3483,1447,3542
3484,9962,829
3485,4009,1992
3490,1224,2255
3491,5162,499
3493,9381,95
3495,1163,407
3496,457,2491
3499,1115,1553
3502,7819,1949
3503,7089,5
3504,8918,2298
3505,626,827
3506,9657,1688
3507,1265,3314
3508,7232,269
3509,1788,2731
3510,968,1170
3514,6684,2820
3515,5358,3485
3517,9231,123
3518,3785,2106
3519,7826,3294
3520,8908,51
3521,2984,1484
3522,9955,2188
3523,3074,3120
3524,2577,2293
3525,4759,914
3526,659,2251
3529,4933,2330
3531,6200,3127
3532,3195,2473
3533,4516,3004
3535,7914,2628
3536,3133,198
3537,8152,2656
3538,6123,1727
3539,8590,3495
3541,6296,971
3542,2497,2325
3544,5919,841
3547,810,1522
3548,4893,410
3549,1650,2085
3551,9394,3253
3552,5433,2952
3553,3896,3502
3554,5961,1096
3555,403,2499
3557,6533,2174
3559,4088,349
3560,8502,1268
3563,5847,2916
3568,2735,2078
3569,9287,2645
3571,4024,1177
3572,7876,1011
3573,453,3314
3574,2228,2878
3575,1745,3100
3576,8076,642
3577,2832,1874
3578,8596,2154
3579,4725,1186
3581,3416,682
3582,1395,3178
3583,8388,3143
3584,494,2740
3586,3862,2078
3587,1825,2358
3588,5121,771
3589,511,2616
3591,5792,3085
3594,7302,872
3597,6542,3205
3599,3376,326
3600,4386,18
3602,1433,2246
3603,5400,2408
3604,1982,1069
3605,7389,2231
3606,3489,2392
3608,4506,2044
3609,8702,88
3610,3123,3331
3611,620,1658
3613,1141,1657
3614,9471,2411
3616,8610,630
3618,3538,1854
3620,8332,2596
3621,1193,1109
3622,2569,1601
3624,8899,3357
3626,7260,663
3628,4397,1086
3629,839,1564
3630,4377,1023
3631,2594,91
3633,4511,3026
3634,19,2489
3635,9794,904
3636,6608,570
3639,6784,3484
3640,2878,858
3641,1713,845
3642,6315,507
3643,4153,2143
3644,3426,1733
3646,5033,111
3647,8004,1087
3648,9353,302
3649,2043,3452
3650,7763,1529
3651,1200,3083
3653,7817,2055
3654,2057,2177
3655,6202,3102
3657,6251,3506
3658,8999,3341
3659,2678,2734
3660,1782,1962
3661,1518,1631
3662,7831,1094
3664,446,1657
3665,1746,2900
3666,2567,534
3667,1776,2544
3668,2045,2974
3669,7008,631
3670,6872,235
3673,6768,451
3676,6182,731
3677,2572,816
3678,7279,1683
3680,5869,147
3681,4097,2073
3682,1254,1871
3683,366,1838
3684,2283,3396
3686,1542,2771
3687,3096,1260
3688,6808,308
3689,1403,2475
3692,9185,2028
3693,2004,126
3694,5173,2438
3696,9837,1611
3697,2337,166
3698,684,165
3700,3057,2540
3701,1786,1792
3703,9414,2337
3704,6930,1502
3705,4495,3117
3706,6403,1483
3707,9522,1503
3708,6485,3474
3709,4465,692
3710,2605,3369
3711,8807,2696
3712,2425,2068
3713,1858,2727
3714,3488,2658
3717,6593,3021
3720,7052,3198
3723,2475,255
3725,6933,2215
3728,8266,1025
3729,903,2748
3730,3075,1279
3732,8713,3532
3733,7434,1760
3734,5223,2257
3735,5983,1418
3736,7116,81
3737,5933,1893
3738,5826,501
3739,7255,2897
3740,3865,1977
3741,6690,2327
3745,5882,1128
3746,5177,339
3750,5880,2098
3752,732,1116
3753,8839,290
3754,1913,197
3755,713,2739
3757,9547,378
3758,9324,3497
3759,6410,1102
3761,9968,1894
3764,4770,1542
3765,3681,3440
3766,8998,658
3767,5953,547
3769,7523,3432
3770,8249,593
3774,3238,1683
3775,7565,947
3776,716,2277
3777,9316,20
3778,6402,1104
3779,7098,635
3780,1846,1925
3781,3218,1232
3782,6902,290
3783,2918,3046
3784,2219,3070
3785,9306,3183
3786,3523,1178
3787,8682,3580
3791,4477,2536
3793,4019,270
3794,6588,625
3795,9651,850
3796,1870,1687
3797,9737,2910
3798,9079,747
3800,833,342
3801,354,1781
3802,4906,2810
3805,3304,3369
3806,9689,2497
3807,1045,3400
3808,8688,1763
3809,8910,1989
3811,9252,1163
3812,1164,2394
3813,8231,1279
3815,5804,21
3816,3833,3081
3818,3272,403
3820,297,1405
3822,7680,3364
3823,5256,2257
3825,6878,3548
3827,7203,3500
3829,8704,3515
3833,7758,968
3835,6241,2198
3836,4862,1473
3838,4105,282
3839,115,1158
3842,8095,838
3843,7677,3101
3846,1214,3291
3849,6915,3280
3850,5414,2109
3852,319,3413
3853,2157,3028
3855,2125,3511
3856,153,2581
3857,1355,3424
3858,9366,1797
3859,1391,3149
3860,9559,413
3861,9426,1438
3862,37,2379
3863,2040,705
3864,550,1815
3865,8280,2938
3866,3779,116
3868,8097,3514
3869,6534,2089
3870,1352,1894
3871,2298,342
3873,1717,1502
3874,5318,3418
3875,2264,506
3876,9640,3339
3877,8033,2012
3878,9575,1769
3879,6907,1444
3880,7987,2989
3883,4701,2475
3885,3492,3116
3886,7543,744
3889,5341,2451
3890,9215,3340
3891,4792,88
3892,7655,51
3894,2785,1598
3895,2469,3227
3896,848,2250
3897,6594,1133
3898,8658,2143
3899,8202,1931
3900,6348,2195
3901,1448,392
3903,1051,569
3904,4276,1009
3906,8397,645
3907,6344,1260
3908,552,1481
3909,1139,2112
3911,2989,1184
3912,5095,449
3913,9847,1619
3914,2784,1254
3916,7079,159
3917,5627,3101
3918,5690,1058
3921,6374,2754
3922,5273,2788
3924,2682,1942
3926,9835,1054
3927,5980,2067
3928,9854,453
3930,8155,3518
3931,7033,749
3933,5329,2268
3936,7091,1461
3937,5032,408
3938,7918,1419
3940,9141,2587
3941,4354,1164
3942,8446,1822
3943,4776,2995
3944,4570,2348
3945,3077,85
3947,4470,2251
3948,4163,2407
3949,8832,1776
3950,367,2907
3953,5186,2837
3957,1537,605
3958,3665,772
3959,5176,3418
3961,7728,181
3962,5856,2332
3965,8237,621
3966,3312,2170
3967,690,752
3970,1754,101
3972,2958,3002
3973,9476,1379
3974,5620,1721
3975,2561,1462
3977,6680,706
3978,3565,1992
3981,6773,1134
3982,2310,3392
3985,8365,246
3987,9884,2305
3988,1516,3455
3990,1886,1372
3991,9293,2208
3992,1744,1065
3995,2839,538
3996,5311,2116
3997,9261,721
3998,4923,2656
3999,5663,3040
4000,4463,2463
4002,5734,1108
4003,2244,2974
4005,1596,1063
4006,3702,757
4009,5639,924
4012,835,1124
4013,2540,2096
4015,8793,2690
4017,1233,705
4019,6005,3209
4020,2689,2497
4021,6291,1155
4022,5049,2500
4024,9383,1951
4025,557,655
4027,7095,2684
4028,280,3170
4029,6525,981
4031,2257,2774
4032,3192,1971
4033,2229,394
4035,4324,2654
4036,6515,188
4037,2161,1602
4039,4267,1225
4041,8829,2479
4043,9360,2962
4044,8010,1175
4046,139,1915
4047,8811,1938
4048,5671,1555
4049,8672,3002
4052,4478,1876
4053,1548,2518
4054,9017,521
4055,6512,129
4057,2612,976
4060,3333,615
4061,8801,1868
4062,7175,17
4063,3727,2374
4064,100,194
4066,9498,3137
4067,192,2621
4068,2576,894
4069,2306,1253
4072,4623,989
4075,792,983
4077,2399,2100
4079,1194,710
4080,5516,2010
4081,9499,1073
4082,4916,3581
4083,9604,2466
4084,6013,1766
4086,3859,259
4087,5876,56
4088,3835,2902
4090,7322,2548
4091,3579,559
4092,8405,1913
4094,8314,2457
4096,6295,2483
4097,4254,841
4102,2714,2398
4104,7562,199
4105,6813,1609
4108,1288,2739
4109,1554,2387
4110,7335,3146
4112,5706,738
4113,6196,2794
4114,7816,1099
4116,4431,453
4117,5390,3038
4118,3861,266
4121,5775,1933
4122,6597,2386
4123,1205,1625
4124,515,2960
4125,3935,492
4126,851,2413
4127,9693,2226
4128,249,585
4129,6529,29
4131,8207,2723
4132,2933,593
4133,6092,2999
4134,4315,1130
4135,6035,367
4136,2949,1542
4137,7396,914
4138,6322,2622
4140,2489,546
4143,3735,2609
4144,1806,3098
4145,2666,1224
4146,4700,160
4147,916,1923
4148,722,347
4149,5021,295
4150,8554,686
4152,5647,3189
4153,7759,3132
4154,8027,1717
4155,8581,1277
4156,9990,2705
4157,500,723
4158,4585,3496
4159,7364,2089
4160,167,4
4161,6758,160
4162,1690,1949
4163,4715,1075
4165,4505,2205
4166,3510,2308
4169,3269,427
4170,9378,241
4171,430,849
4172,6041,3377
4173,7070,2763
4174,5576,2984
4175,8944,2746
4176,5660,430
4177,6587,2507
4178,3278,2456
4179,1421,2395
4180,5635,14
4182,1229,1525
4183,6271,3572
4184,5915,1671
4185,4052,3065
4186,4393,408
4187,6992,2944
4188,8176,168
4189,7466,886
4190,6352,1753
4191,6898,211
4192,4576,815
4194,5849,828
4195,3331,2624
4197,3699,3451
4198,3459,1961
4200,9440,835
4202,9149,7
4203,9308,724
4207,6132,2711
4209,4362,1543
4210,6520,852
4211,3614,1443
4212,8271,2179
4214,7300,2823
4215,4389,1643
4216,4204,2155
4217,5723,1169
4218,7715,1348
4220,3811,3569
4221,3985,2121
4222,528,2598
4223,7130,3445
4224,8563,2240
4225,9395,859
4227,2458,519
4228,4336,3109
4229,2874,3074
4231,618,406
4233,4071,3390
4234,357,3232
4235,3258,3147
4236,759,1895
4237,6389,2523
4238,3256,1908
4240,86,2617
4243,9665,1624
4246,7214,2148
4248,9865,1156
4249,5431,225
4250,4501,2027
4251,8609,961
4254,1818,3236
4255,4733,306
4258,8183,3117
4259,3054,2552
4260,544,199
4261,8034,2463
4263,2236,2151
4264,6454,3568
4265,8471,1137
4266,1962,1589
4267,6081,731
4269,9595,220
4270,9953,2915
4271,203,1321
4272,7654,2412
4273,8932,3334
4274,3529,1465
4275,325,1900
4276,188,2594
4277,7940,2525
4278,1826,1049
4279,5061,3289
4282,6720,1313
4283,7472,2579
4284,3035,525
4287,7686,2568
4289,2870,3598
4290,7426,2972
4291,3982,96
4292,4409,3092
4293,3328,2302
4294,1879,2823
4295,6152,1568
4296,5583,3475
4297,2198,2939
4298,919,2101
4299,5158,2789
4300,9190,327
4301,5301,2560
4302,7015,662
4304,3754,1679
4305,8385,2179
4306,5370,2655
4309,3451,1721
4311,551,3200
4312,2829,260
4314,9729,2860
4316,268,3384
4317,1035,2278
4318,8740,3186
4320,823,3202
4321,6366,925
4325,8674,2454
4326,7507,149
4328,3106,3360
4334,1014,360
4336,3696,2198
4337,3521,2433
4338,3746,796
4340,7698,2911
4341,8836,3008
4343,9528,2673
4344,3445,2108
4345,7945,1006
4346,1343,345
4347,2764,3402
4351,5902,429
4355,8441,200
4356,2066,2663
4359,2021,2400
4360,1413,50
4363,1305,1095
4364,6626,3042
4365,8529,822
4366,9793,3424
4367,1694,1343
4368,8326,2233
4371,3442,1472
4372,7310,745
4373,2519,2645
4374,5463,1035
4376,1478,421
4377,8038,3217
4378,9150,3338
4379,5126,2174
4380,6354,2407
4382,3929,3537
4383,5097,1875
4384,6874,1458
4385,144,3583
4387,5631,2090
4388,3593,1979
4393,7754,502
4395,918,1875
4396,8657,3058
4397,2733,1803
4398,4800,3243
4399,2760,1970
4401,8161,2267
4402,4034,2940
4404,5810,2737
4405,2313,2365
4406,6925,980
4407,5549,3298
4410,1379,2309
4411,3760,962
4414,4277,509
4416,6500,2391
4419,3305,707
4420,5392,1710
4423,2318,3557
4425,1988,3149
4428,1064,11
4430,7619,249
4433,1563,37
4436,3516,1159
4437,7883,1617
4438,8606,805
4439,7536,3209
4440,2786,2228
4441,175,2238
4442,4739,3541
4445,7961,2186
4446,9686,255
4447,5665,2220
4450,9396,256
4451,8957,3241
4452,4280,756
4453,4535,36
4454,8384,1844
4455,4087,380
4457,8867,293
4458,6801,478
4461,9001,3409
4462,3575,2731
4463,8566,1236
4465,4851,1391
4466,2296,678
4469,3993,1632
4470,6071,1905
4471,9503,2911
4472,7429,378
4473,8943,3232
4474,8163,3085
4475,6817,499
4476,2704,2300
4479,9782,2276
4480,1734,1406
4481,4910,318
4482,7133,2147
4484,1173,2749
4486,8683,3536
4487,1220,2103
4489,5998,2803
4490,1108,1996
4491,470,3558
4492,1753,661
4493,9131,2615
4501,1808,1355
4504,429,2797
4505,7235,295
4507,6216,2982
4508,6467,993
4509,8578,2145
4511,3288,2716
4514,8496,359
4515,5743,2432
4516,6289,3555
4517,4726,326
4521,5398,2742
4522,9058,1482
4523,6888,1630
4525,3624,2037
4526,9442,1874
4527,1927,2267
4528,7030,665
4529,9006,625
4530,7915,879
4531,594,1507
4533,9726,3349
4534,4693,1756
4535,9692,702
4537,4195,2930
4538,9843,899
4540,5526,1198
4541,9668,1370
4543,3967,145
4544,6635,1318
4545,8055,1874
4546,8757,3547
4547,685,2410
4549,7340,539
4553,2058,305
4554,4999,3356
4555,3813,1353
4556,3683,2984
4557,9123,573
4559,9579,3228
4560,5939,2240
4561,9358,2926
4562,9554,2923
4566,7564,2055
4567,5020,801
4568,2089,6
4569,9323,287
4570,7901,585
4572,4253,2591
4573,7509,997
4575,2913,2877
4576,2762,2802
4577,3130,1213
4580,1665,519
4581,301,3021
4583,2611,10
4584,6917,1012
4585,9275,2033
4586,1637,1038
4588,9637,1856
4590,2543,3343
4591,1792,63
4592,2351,2092
4593,1749,2618
4596,7770,3358
4597,6074,1977
4599,4394,1874
4601,624,23
4602,7773,129
4603,2936,1669
4604,402,476
4606,8527,3104
4608,542,2933
4609,4287,3359
4611,9901,2315
4613,9446,201
4614,7441,1721
4616,1439,3358
4618,1954,1584
4619,4319,2252
4620,7951,512
4621,8859,87
4623,4714,2411
4624,5765,2471
4629,1889,592
4630,3837,61
4632,5150,2479
4634,5018,1532
4635,2386,356
4637,7980,1565
4638,7451,1335
4639,8955,1883
4641,9096,323
4642,3372,375
4643,9397,3028
4646,1671,333
4647,2372,2805
4649,1485,366
4650,9803,2020
4651,4540,1856
4653,8585,1330
4654,55,718
4655,4976,2813
4656,7778,2417
4658,3850,1949
4659,2015,757
4660,3522,3589
4662,1891,826
4663,1969,1086
4664,4614,3463
4665,7331,2655
4667,4078,1936
4670,8141,1533
4672,5088,2676
4674,7872,1393
4677,6193,393
4678,7110,1664
4679,1207,1843
4681,1466,3561
4682,8819,3280
4683,4442,3576
4686,2578,724
4687,3547,2694
4688,3818,1667
4690,1140,3343
4692,7954,2135
4695,7305,1545
4696,1198,1944
4697,9181,2022
4699,1470,2506
4701,4191,2926
4702,5135,3158
4706,9824,2124
4707,7587,3546
4708,5525,1241
4709,173,475
4710,3764,18
4711,1483,2465
4712,4989,3015
4713,4919,2354
4714,7092,1149
4716,5871,1589
4717,6695,2435
4718,9421,1035
4719,1944,2545
4720,1126,1975
4722,3707,267
4725,6051,3197
4726,8215,1183
4728,8456,1216
4730,778,3199
4732,896,3248
4735,1138,3550
4737,4924,2719
4738,18,561
4739,9406,1880
4740,6543,3197
4742,1584,2833
4743,8366,2429
4745,7409,2784
4746,128,1231
4747,8453,652
4748,4657,2675
4750,8968,3036
4752,1011,1766
4756,8788,2749
4758,4419,1114
4760,1259,484
4761,6545,945
4762,5015,942
4763,3080,2559
4764,9819,1224
4765,5790,82
4766,9036,509
4767,4881,2634
4768,1644,1642
4773,6408,526
4774,8555,3220
4775,9052,1437
4776,8797,3340
4777,4347,3422
4781,9973,1806
4782,5850,2786
4783,9719,744
4785,9829,3080
4790,5196,2459
4793,5172,708
4794,491,3435
4795,126,2249
4796,6061,3177
4797,201,2140
4798,4746,3530
4799,6916,1078
4802,4220,1113
4804,9008,280
4805,737,2596
4806,6670,1164
4807,9457,1533
4808,7821,454
4809,6918,2021
4811,2997,1619
4812,8201,322
4814,1317,2018
4815,3729,1106
4816,1907,2486
4819,5384,2839
4823,1155,107
4824,6077,2814
4825,4080,1836
4826,996,3031
4827,2432,3147
4828,7781,1234
4829,3832,636
4830,5217,1916
4832,1593,1848
4833,4358,1859
4837,2767,3012
4838,3206,631
4839,2892,1358
4840,6478,2281
4843,3177,2169
4844,1452,1683
4846,9416,2820
4847,7617,3092
4848,7923,1443
4853,6652,698
4856,2986,1343
4857,8852,566
4859,2234,3507
4860,3427,2157
4861,7984,2908
4862,712,2309
4864,981,3418
4865,5672,466
4866,4796,1194
4867,2122,1454
4869,1199,3371
4871,4352,1834
4872,6743,2815
4873,7661,2543
4875,8375,1933
4876,5593,3589
4879,1943,611
4881,8343,3050
4882,8923,2673
4885,6060,3170
4886,7124,3325
4887,9077,1184
4889,2726,2167
4890,740,957
4892,7814,608
4893,3790,2294
4894,1160,2956
4896,8047,1980
4897,6347,3330
4901,7724,192
4902,21,2824
4903,967,1268
4904,2349,895
4905,6483,652
4907,2465,1368
4911,4921,3426
4913,6151,1452
4914,4646,3020
4915,1225,3293
4917,3647,2559
4918,4574,1022
4919,5034,2673
4921,7392,1733
4922,1552,685
4923,9304,1851
4924,410,3597
4925,3834,333
4928,2347,2929
4930,9834,2994
4931,8106,831
4932,3290,2122
4933,9749,1267
4934,2420,3530
4935,3169,885
4936,9791,2333
4937,2249,3102
4939,6568,563
4940,727,3097
4941,3679,1415
4942,531,675
4943,7336,1172
4945,8478,211
4946,814,1446
4947,3220,1660
4949,5006,135
4950,3690,1663
4951,3335,2531
4952,5379,2871
4954,5263,1854
4956,599,2740
4958,229,2589
4959,9355,2918
4961,5227,141
4962,6679,1239
4963,2412,1417
4964,2085,3025
4965,6105,1990
4966,9996,502
4969,4824,92
4970,1058,474
4971,4305,1251
4972,8787,3530
4974,9059,1568
4976,9735,2264
4977,3422,14
4981,8254,51
4982,262,254
4983,4250,1378
4984,6977,88
4986,3744,960
4989,8753,2920
4991,375,3509
4992,9348,1859
4993,6117,3597
4995,2609,2705
4998,7645,724
5001,4427,3172
5005,3274,2149
5006,5785,2727
5007,8067,3533
5008,3087,3055
5009,9511,2855
5010,6687,1235
5012,1486,697
5013,6876,1574
5014,281,143
5015,6486,1632
5016,7942,739
5017,1729,1168
5018,7874,59
5019,8181,3077
5021,186,1369
5022,4259,92
5023,1570,1708
5024,1950,2555
5025,3741,1679
5026,1263,470
5027,4074,1535
5028,3359,1415
5031,2940,135
5032,3686,3455
5035,9329,200
5038,3700,314
5042,7528,2183
5043,8828,1840
5044,8072,2907
5045,5842,3567
5046,7076,1620
5051,1360,2301
5052,1767,65
5055,7935,2088
5056,4466,703
5059,4038,3080
5060,8186,2782
5061,9100,2250
5062,9450,3247
5063,3263,1019
5064,9607,1000
5066,4189,2280
5069,4070,2515
5071,2864,1607
5072,7128,38
5074,9647,2991
5076,3689,1645
5077,5238,2123
5078,9430,1541
5080,6822,2312
5081,9097,497
5084,2634,2371
5085,2301,1921
5087,7912,3229
5089,6055,2049
5092,4330,318
5094,1465,1780
5100,9757,1314
5102,8037,1093
5103,9891,1141
5105,5327,3507
5108,8157,572
5111,9820,2160
5112,7066,1560
5118,4532,2976
5119,7483,1963
5122,4829,1566
5123,2378,188
5124,2008,3278
5126,2276,2834
5128,6538,3437
5131,9992,1212
5133,1533,22
5134,7344,9
5136,4817,1233
5139,9080,2594
5142,2807,2323
5143,484,1780
5145,1861,1949
5146,5459,3404
5147,190,360
5149,1218,1012
5152,6099,3471
5153,1065,3212
5154,1921,3550
5156,4546,3345
5157,5848,2128
5158,7360,449
5160,6838,2844
5161,9969,2915
5162,5389,1603
5164,9918,433
5165,6980,2108
5166,2061,1794
5171,5359,3234
5174,5955,259
5175,2649,376
5176,1309,3566
5177,4931,2785
5178,1902,718
5179,5096,1757
5182,7895,2560
5183,5107,1399
5184,3396,283
5185,2210,564
5187,5668,1700
5189,8075,3381
5191,6497,1360
5192,4265,2691
5193,6901,3338
5199,766,2245
5200,4712,580
5201,2176,3254
5202,3858,2268
5204,6764,2304
5205,7608,3063
5207,4483,2206
5208,2348,880
5212,8541,1056
5213,6318,3441
5215,4655,1369
5216,1544,941
5217,1872,2909
5220,9240,2080
5221,5372,1863
5222,3273,117
5223,3061,1692
5224,3354,394
5225,5507,2778
5226,7858,848
5228,255,2253
5229,8381,1134
5230,9628,2893
5231,3613,99
5232,6719,2960
5233,2104,866
5235,7282,323
5236,7191,3206
5239,1061,1681
5240,4728,680
5245,1775,654
5248,1387,3061
5250,6360,1705
5251,8871,139
5252,5164,516
5255,3452,2089
5256,9140,3220
5257,2898,139
5258,4867,2715
5261,8948,781
5264,9893,1005
5265,2501,953
5266,5012,3325
5272,6705,837
5276,348,3515
5277,5772,1182
5279,982,1215
5281,723,1858
5282,8627,3207
5283,7745,3253
5285,7760,628
5289,5751,2044
5295,5274,1760
5296,5712,1018
5300,5709,3246
5302,1450,2098
5303,6044,585
5305,8551,2663
5306,3631,2006
5307,468,2700
5308,87,3340
5309,1701,3194
5310,2034,1993
5313,5987,3153
5314,2846,1140
5317,7209,1947
5318,8131,2540
5319,5862,3554
5320,7838,2152
5321,856,609
5323,2451,1574
5326,3340,1186
5328,5344,392
5330,7485,2004
5331,647,2980
5332,6303,2176
5333,3014,3027
5334,306,49
5335,5289,1815
5340,600,2381
5345,7966,3310
5346,9767,74
5347,7405,848
5348,1983,1182
5350,7597,2134
5352,9106,806
5353,1670,2579
5354,2441,619
5355,9960,388
5356,4698,2764
5357,8489,5
5358,587,3313
5360,9730,2691
5362,6620,3489
5363,1557,1513
5364,6561,2746
5365,1054,2423
5366,4987,1807
5367,2375,170
5368,5685,342
5370,767,3380
5372,7790,2634
5373,5461,3134
5375,2429,2285
5376,6646,728
5379,6565,1388
5381,4108,2395
5382,942,594
5383,2664,1921
5387,8671,2558
5390,2670,327
5391,4724,1897
5394,2507,1152
5395,4966,2509
5396,7723,2694
5400,5744,3102
5406,1748,1398
5408,5078,745
5409,1432,2727
5410,796,2675
5412,7576,1570
5415,2956,1123
5416,7907,2353
5417,3500,2113
5420,6156,2977
5422,2166,3570
5424,1558,3517
5425,1070,3141
5426,8868,3599
5427,1945,3324
5428,582,2734
5429,1735,400
5430,3180,1160
5431,4339,2372
5432,6595,611
5434,2177,1016
5435,1294,1556
5436,6228,1245
5439,2545,1297
5440,4161,2484
5441,2096,1851
5442,9278,3512
5445,735,943
5448,3584,1343
5449,5235,1835
5450,497,537
5452,852,1365
5453,9027,34
5454,5857,1053
5456,3348,71
5457,5346,3225
5458,2317,2807
5460,1239,429
5463,8579,1433
5464,5207,3188
5466,1854,1919
5467,1901,1239
5470,4865,1388
5475,4075,3020
5478,2369,1265
5479,1121,722
5481,299,1750
5482,6527,2256
5483,7885,456
5485,6975,2241
5488,3112,3089
5490,4193,1590
5491,8513,2354
5493,7601,2339
5494,9768,1975
5498,6371,3503
5499,4106,2139
5503,3888,10
5505,2149,2461
5509,9289,2604
5511,8892,2983
5514,8078,2088
5516,342,129
5517,2065,744
5518,4117,365
5520,819,2646
5521,9276,2533
5524,7081,3420
5527,2876,3360
5528,9142,2202
5529,6755,2413
5530,6341,3169
5531,1249,3482
5532,4424,3364
5533,3271,2103
5534,5498,1864
5536,9035,366
5539,2587,35
5542,8746,3582
5545,763,760
5546,6188,300
5547,911,3446
5548,5306,1055
5549,6353,1443
5551,8039,1311
5554,9513,403
5555,5977,3495
5556,5575,2528
5557,7001,3023
5559,9589,577
5560,4359,79
5561,1809,3381
5562,6144,1597
5563,1175,2025
5564,9460,746
5565,7635,327
5568,8220,2936
5569,2023,1587
5570,7630,817
5574,8984,1783
5576,9564,3549
5577,4757,1073
5578,910,1697
5579,8959,3450
5580,444,294
5582,7909,2499
5583,3973,1208
5586,3137,379
5587,5385,1254
5592,3844,1515
5595,8450,3068
5600,8989,1949
5601,6272,720
5602,3224,1981
5603,5628,399
5604,4413,81
5605,9963,2118
5606,5350,2729
5608,1098,1847
5609,7822,3094
5610,4541,1569
5612,5740,3498
5613,5219,1395
5616,8737,360
5618,8571,3339
5620,8107,123
5621,6356,1940
5622,5505,217
5625,8668,1274
5626,8179,304
5631,2422,3069
5632,245,1801
5634,291,2334
5637,4487,3393
5638,4660,2952
5639,5489,757
5640,8518,909
5641,1741,1355
5642,3153,2205
5644,1503,1202
5645,7065,2454
5646,137,1555
5647,1594,3533
5648,6842,662
5649,3392,389
5650,3944,2646
5652,616,2438
5653,4411,184
5654,2911,501
5656,4838,1600
5657,9516,1177
5659,9713,1355
5660,1451,2343
5661,9616,2455
5663,2246,1536
5664,2462,3557
5665,2538,3462
5668,9556,2913
5669,2088,1390
5670,2771,2909
5673,35,231
5674,6819,432
5675,8617,3361
5676,9923,674
5677,7497,2355
5679,2753,2930
5680,541,67
5682,2446,2713
5685,8001,745
5687,5010,2241
5688,5476,3020
5690,2554,976
5691,5475,1637
5693,8675,2817
5694,2269,2589
5696,6556,3071
5699,757,3195
5703,4905,1965
5704,9437,1827
5705,8743,25
5708,8137,2091
5709,124,1263
5711,2273,831
5713,2126,1513
5715,6199,58
5716,2114,1424
5717,9587,399
5719,3873,2048
5720,7020,618
5721,5923,1779
5722,3717,3260
5724,2266,2040
5725,1236,586
5727,7807,3117
5728,8216,1677
5730,1405,2994
5731,1762,836
5733,6073,2580
5737,3645,2489
5741,9267,3429
5742,7866,1720
5743,9332,2662
5746,3020,2399
5748,9786,169
5751,1099,2647
5752,6015,1837
5754,7971,2168
5756,7516,361
5758,5689,260
5759,3025,528
5761,1426,2308
5763,5602,742
5766,6239,1041
5768,5936,956
5769,6673,570
5773,5004,2572
5774,8400,2959
5775,2182,2006
5776,3883,1834
5777,2505,2416
5778,2916,1333
5780,1383,714
5782,4453,2356
5783,7445,1778
5784,5035,2762
5785,9468,1381
5787,6868,16
5790,3266,3403
5792,4062,3513
5793,3517,930
5794,2750,537
5795,662,2283
5796,9543,1786
5800,8236,954
5801,8654,2022
5802,5039,1196
5803,2464,1430
5805,9613,92
5807,3934,1114
5808,4760,1123
5809,985,3413
5812,7216,2689
5813,1905,2953
5814,4980,2453
5815,9233,1729
5816,863,57
5817,7011,1088
5818,4225,1237
5822,941,2508
5826,6544,2650
5828,1675,457
5829,5120,568
5830,5603,88
5831,1866,2231
5836,9590,474
5837,8714,1224
5838,6342,531
5839,4958,53
5841,2302,985
5843,6127,401
5844,3909,1766
5845,9115,3222
5846,9270,628
5850,2920,1173
5852,6257,3497
5857,4029,1569
5858,1476,3576
5860,7297,1967
5861,3927,791
5862,1831,3090
5864,1337,735
5866,412,2247
5868,607,2743
5869,8068,2880
5870,5881,3081
5871,5959,2045
5872,9532,1571
5873,6628,2366
5874,2431,1426
5875,7503,2515
5876,1695,2125
5877,9139,2950
5878,558,1707
5881,3972,552
5884,3920,428
5888,5340,1265
5889,6165,845
5890,9389,3080
5892,4766,1294
5894,2055,306
5897,2271,1066
5899,6875,2359
5902,9826,1441
5903,9701,2630
5906,8169,2573
5909,651,2275
5911,4996,1829
5912,3193,1490
5913,1909,1225
5914,6950,1558
5915,3502,1384
5923,4289,2064
5925,1322,1022
5926,1307,3218
5932,9084,583
5933,591,2973
5935,9473,250
5936,539,2145
5938,5649,1967
5940,9796,2940
5942,7346,1058
5945,3621,1313
5947,4146,3343
5950,9609,1552
5952,3062,1713
5954,7932,3207
5955,8664,470
5956,8026,124
5958,9863,2194
5960,5835,1212
5961,1326,3101
5963,8328,1199
5966,666,3292
5969,2568,2643
5970,4216,857
5975,2252,2123
5976,3147,646
5977,2049,3412
5981,4064,772
5983,4095,2514
5984,6611,741
5991,105,88
5993,5168,2504
5997,1531,349
5998,611,2689
6000,4018,2466
6001,788,3454
6004,1331,2667
6005,9273,740
6007,2233,1398
6010,7313,174
6011,3587,2665
6012,6982,546
6013,781,2616
6015,9533,1754
6019,9759,455
6022,1877,2116
6023,3281,2852
6024,8904,2181
6026,5890,1034
6027,7399,3404
6028,5308,2432
6030,2433,2934
6031,3753,2529
6032,6434,2496
6033,1327,2645
6034,3115,178
6036,1022,3040
6037,5642,3222
6040,5655,2952
6042,1999,200
6043,1515,1108
6047,1315,1439
6050,227,3566
6051,7733,2472
6053,7671,1919
6056,14,971
6058,8452,703
6063,501,1979
6064,589,154
6065,2828,766
6066,4079,3281
6067,7404,705
6072,1726,798
6073,791,72
6074,4323,1372
6078,4110,2920
6079,103,311
6080,6846,147
6081,3203,2766
6083,5768,1377
6086,8340,2312
6089,6726,1968
6090,6069,2078
6091,7542,727
6097,7846,1120
6099,5355,1510
6101,8593,2513
6103,9866,400
6104,6886,1239
6107,2281,1772
6108,6100,295
6113,3353,3132
6114,8089,3115
6117,1628,2160
6118,9911,146
6119,3342,1120
6120,5896,1413
6122,6125,3516
6123,5522,2129
6124,7893,2734
6126,1720,2493
6130,8239,1474
6131,471,736
6132,1658,96
6135,6469,2626
6136,6397,3485
6139,3352,1451
6142,4383,456
6143,499,474
6144,9325,2831
6146,8353,2038
6149,5294,2007
6150,4667,3192
6151,7746,671
6152,8649,2346
6153,5982,2703
6154,5697,1868
6155,4695,1040
6156,1807,413
6157,4781,3461
6159,4455,2743
6161,1441,1067
6167,8755,3505
6168,3436,2688
6169,4410,2700
6172,4718,2396
6173,1785,772
6177,378,2708
6179,5877,162
6182,7599,2173
6183,7264,397
6184,8167,677
6185,5013,944
6186,7101,3402
6187,4567,2041
6188,842,969
6190,6438,2649
6191,2549,2447
6192,1409,1349
6193,1183,695
6195,6881,3493
6196,1910,38
6197,7615,2140
6201,2430,1316
6202,3906,1163
6203,9523,833
6204,2326,155
6205,5958,1917
6206,7949,2918
6209,4952,1430
6210,5967,442
6214,9818,309
6217,5971,598
6218,4134,1623
6219,4794,2071
6220,1444,554
6222,1156,815
6223,1958,702
6224,9765,438
6225,4014,3104
6226,3836,436
6228,4747,1751
6229,4738,2633
6230,3105,2446
6231,5808,3135
6233,3617,805
6234,1112,2037
6237,9545,2722
6242,4209,2208
6245,3518,868
6247,5708,2999
6248,1230,1029
6249,4291,3057
6252,1171,1564
6253,2824,2618
6257,8925,3217
6258,8232,3190
6259,2556,3546
6262,3828,3129
6263,6666,3267
6265,6713,3258
6268,2449,2468
6269,3259,2021
6270,543,166
6272,3602,259
6273,5950,1223
6274,5511,1495
6278,143,2738
6279,4531,2420
6281,8731,1282
6282,9390,1525
6283,59,2090
6286,2076,2452
6287,4609,250
6289,7179,2440
6290,3599,2921
6291,5561,2070
6292,205,311
6293,4859,1021
6296,7699,2101
6297,7266,1591
6301,6030,2989
6302,9297,878
6304,7555,1071
6305,5846,2410
6306,9405,697
6307,7044,2206
6309,4812,2415
6310,9478,1555
6311,7194,2018
6312,6346,726
6313,6787,3180
6315,4778,1892
6316,4266,3423
6318,8213,2986
6320,7096,2008
6321,3021,3274
6322,7696,3171
6323,7618,1790
6324,8810,110
6325,9180,2307
6327,9634,1290
6330,5844,888
6332,63,1549
6340,9795,2508
6341,2050,1585
6343,2773,2420
6344,8016,1780
6345,2738,109
6348,81,1833
6351,5100,1186
6353,4533,1849
6357,4786,3328
6359,9855,3309
6363,9317,641
6365,2091,1364
6367,1349,1336
6368,858,637
6369,6428,2227
6370,9917,3370
6371,4096,1684
6373,8748,3016
6374,2286,1456
6375,8930,861
6379,4474,3033
6380,6212,2651
6382,475,1069
6384,3443,1452
6385,6741,796
6388,7500,2752
6390,9908,1664
6391,6621,41
6392,1361,2539
6393,6662,676
6395,3223,39
6396,6540,1860
6397,4666,2784
6398,4147,1733
6403,8497,3218
6404,4032,1512
6407,1967,33
6408,3432,3457
6409,6727,2617
6413,6038,2488
6415,3367,3401
6416,9379,3212
6417,2215,468
6418,7806,2988
6419,2185,2885
6423,9630,442
6425,9605,2735
6426,6716,924
6428,6399,3252
6430,9984,2703
6432,9486,3172
6433,2722,2503
6434,2178,1983
6436,2482,2249
6446,5693,2234
6450,8646,1231
6451,9247,1134
6453,1310,2990
6454,3808,407
6455,4593,1440
6456,710,1086
6460,8342,2866
6461,747,2442
6462,7484,2607
6463,1085,127
6467,5456,3049
6468,1075,3402
6472,6541,68
6475,4711,538
6479,3415,1499
6480,2921,67
6482,5893,294
6485,1152,3032
6487,3414,3231
6492,4207,3381
6494,7390,2320
6496,1506,785
6499,824,1285
6500,5872,1782
6501,7991,217
6502,1959,618
6504,1612,3516
6505,8782,2296
6509,4092,1876
6510,3244,1840
6511,3860,1416
6514,6382,1987
6520,5755,2027
6526,9496,3253
6529,7712,320
6530,2810,890
6531,909,191
6532,8338,3351
6533,2908,1872
6536,9480,828
6538,8248,3186
6539,7625,745
6540,2835,155
6542,6385,56
6543,5851,337
6545,5779,3271
6546,7596,2288
6547,2467,134
6550,6122,705
6551,7376,548
6553,8495,1079
6554,4536,2903
6555,3589,1387
6558,8160,69
6559,8778,338
6561,4601,294
6565,2740,2526
6567,4448,2709
6569,8229,304
6570,218,2387
6571,3444,722
6572,9623,680
6573,7372,3357
6574,4528,1146
6576,668,1628
6580,5596,30
6581,9734,1085
6583,9868,2955
6584,5303,2519
6589,4132,772
6590,2499,405
6593,1209,1888
6596,1573,1373
6597,1319,2449
6599,5093,2449
6601,4403,3215
6603,6747,246
6610,2842,1324
6615,1859,2218
6616,5524,527
6617,267,1878
6618,7700,1581
6619,2651,2511
6620,1091,432
6621,5296,2574
6622,9501,832
6624,8717,2916
6626,2853,295
6627,4329,301
6628,7248,1316
6629,2688,2000
6642,8044,8
6647,834,2675
6650,8635,2832
6654,9336,2555
6658,9913,3528
6660,999,26
6661,4997,2938
6662,1428,2591
6663,4633,299
6664,9119,2560
6666,8815,769
6670,5441,2039
6671,8002,2265
6676,2817,912
6679,3120,2412
6681,5281,1825
6682,7147,323
6685,2906,1438
6686,8303,1680
6688,425,2416
6689,2440,2647
6691,881,2980
6693,9938,3042
6697,8348,804
6699,3612,1419
6700,8258,1030
6703,7231,595
6704,8349,2317
6707,6582,2066
6709,2221,1065
6710,9744,2476
6711,9183,1336
6712,8393,303
6714,2637,282
6715,1073,690
6716,8305,3404
6720,8985,364
6722,7833,3282
6723,1991,1459
6724,5381,1040
6725,8192,3322
6727,9507,1631
6728,6090,1066
6730,9676,2542
6731,8175,2876
6733,5332,684
6735,8019,1919
6737,5644,2713
6741,2821,1295
6743,7592,2756
6746,2610,1052
6747,9409,240
6748,2029,3242
6750,4902,246
6752,2322,1998
6755,6118,1917
6761,5756,2030
6764,5305,3460
6768,8427,1772
6769,1314,3445
6773,1755,3122
6775,9222,117
6780,7244,872
6781,3887,1706
6782,2388,2274
6784,9733,1883
6785,6266,1252
6789,8361,2354
6790,9690,3459
6793,266,2217
6795,3638,1092
6797,8153,515
6798,272,3364
6806,8965,810
6807,2202,2929
6809,1867,2268
6812,8767,2736
6813,567,2189
6814,6190,2463
6816,1952,3030
6818,7836,956
6821,8222,2770
6822,8270,146
6823,4882,796
6825,4374,1078
6830,1174,1637
6831,8102,3400
6835,5822,231
6836,569,2315
6837,6911,2000
6840,2620,1214
6843,1245,2757
6844,2883,312
6849,421,1919
6853,6096,2360
6856,6145,1679
6857,2798,748
6858,3643,3383
6859,7502,3271
6860,5555,83
6863,5117,280
6866,349,852
6867,2928,3281
6868,8533,1433
6870,9562,794
6873,5700,2622
6874,3853,1991
6876,1680,1248
6877,7488,1120
6879,5551,3249
6882,8485,1625
6883,4033,2365
6884,5854,1270
6885,4162,1108
6887,2531,879
6888,5569,57
6889,6830,1951
6890,553,175
6891,5153,616
6892,131,863
6893,9432,260
6895,8724,968
6897,9277,147
6900,2324,2165
6903,2884,99
6904,7674,1595
6905,6676,154
6907,3456,3029
6909,2873,301
6910,2985,911
6912,2669,3473
6916,894,1073
6918,7765,1413
6919,4385,2406
6920,5773,2748
6921,7569,3439
6922,9014,396
6924,3527,383
6928,7718,2204
6930,8594,3372
6932,40,3516
6936,9822,1067
6937,2520,1032
6938,6376,1337
6939,274,2911
6940,1255,3280
6941,316,1084
6943,917,580
6944,8651,1862
6945,1592,3269
6948,6435,3050
6950,3336,201
6951,9861,1296
6957,6120,2124
6958,2437,1958
6961,8719,2551
6963,3368,1548
6982,3931,2986
6985,2243,2512
6988,6416,3141
6991,3232,2202
6996,6825,2602
6997,8399,1948
7001,5556,957
7002,8875,2567
7005,4248,227
7007,7320,2115
7010,4320,2662
7011,3033,559
7013,8573,2059
7014,1280,217
7015,5231,352
7017,4484,2230
7018,3769,2789
7019,9571,2489
7023,1810,3461
7026,836,1868
7027,1656,3522
7028,2279,2602
7029,7058,2239
7031,4518,701
7032,6107,1042
7033,6393,3493
7034,9779,735
7040,2238,1784
7045,8092,3284
7046,4344,23
7049,5599,395
7050,2602,1709
7052,4965,2208
7054,5402,2679
7055,7281,2753
7057,1275,1173
7059,4720,1506
7061,6235,1254
7063,2192,2206
7064,8250,2540
7065,8689,3534
7066,5906,589
7072,8319,2456
7073,5946,3424
7077,8282,650
7078,5496,269
7082,109,2029
7084,2107,2471
7085,2840,862
7087,6778,2550
7088,6328,1349
7092,7137,2475
7100,7367,1879
7107,5159,92
7109,9133,2370
7112,4249,79
7113,5185,420
7115,4553,383
7117,2231,909
7122,6355,895
7123,978,1365
7125,3957,1403
7126,2289,801
7127,7303,3075
7129,5105,840
7130,6607,1393
7131,6570,2451
7132,4648,2400
7135,324,2511
7137,9667,2539
7139,6759,1446
7140,4769,2705
7142,2225,2420
7144,5418,2400
7148,1286,1242
7150,359,885
7154,230,2502
7156,3789,2332
7157,3597,22
7158,8846,3261
7159,52,2149
7160,6415,490
7163,9521,1582
7166,871,1960
7167,2068,1682
7170,4447,1861
7171,6707,1409
7172,5230,1721
7173,8814,2596
7178,8799,3025
7181,4384,2147
7186,8442,1191
7187,1839,2384
7192,8185,1477
7194,6066,768
7195,8431,300
7196,1961,85
7197,2862,337
7198,6932,990
7200,2101,674
7204,608,1637
7205,6189,804
7208,6650,81
7209,9345,2426
7212,9423,971
7215,2615,2177
7219,3165,2799
7221,5993,1930
7223,1071,302
7224,2284,1172
7225,1736,1962
7227,4443,1605
7228,5929,1295
7230,4301,3202
7232,8425,3470
7233,9284,2011
7234,1723,1899
7236,3246,1798
7237,4803,27
7239,4950,1797
7240,5777,1074
7242,341,964
7243,5934,18
7246,3820,1922
7247,3807,2853
7249,4145,2969
7251,2384,2702
7254,7903,429
7255,5046,854
7257,3187,3472
7264,7031,652
7267,169,3318
7272,9422,1684
7273,9343,968
7277,5036,2281
7279,4690,925
7280,3472,1873
7281,5853,1819
7283,69,1941
7286,6841,2556
7287,8666,3273
7289,2025,2374
7290,3038,3102
7291,9206,65
7292,8650,3191
7295,9869,553
7296,2854,132
7297,1543,548
7298,2020,755
7299,2994,1814
7301,6796,3173
7305,4055,1065
7309,3264,824
7310,6864,2667
7314,3041,455
7317,9751,3237
7318,7981,2513
7319,42,1079
7324,8188,2391
7326,9046,3009
7327,5518,1845
7328,1296,329
7330,1083,2859
7331,6404,2982
7334,8505,1520
7335,3121,702
7336,8104,1254
7337,7359,1458
7338,3469,173
7344,6267,1401
7345,2809,3131
7347,4526,998
7348,4223,3128
7360,5944,2260
7362,7919,87
7363,3332,2366
7365,1425,2653
7367,7025,1860
7368,7550,2920
7373,377,12
7375,4387,1334
7376,8465,1096
7377,6891,3527
7378,236,3110
7379,4398,3428
7382,8508,1837
7383,8057,2031
7385,4278,2409
7386,6232,669
7388,665,2477
7390,6068,2340
7391,7239,1106
7393,8103,1085
7394,5624,1688
7395,3361,2586
7396,4013,613
7397,200,704
7401,614,3110
7405,7850,1564
7406,2845,2808
7408,2945,1541
7410,7605,895
7412,3215,1082
7413,5202,727
7415,9987,619
7416,4499,2572
7418,8240,2313
7419,4768,3304
7420,7736,1261
7423,674,3239
7427,2495,3077
7428,5985,2745
7435,5016,885
7438,371,2092
7439,527,353
7440,6592,1223
7441,4485,2819
7443,2241,1537
7450,2113,1755
7451,5924,1970
7453,2476,4
7454,3480,1696
7456,603,263
7460,6057,2992
7463,380,558
7467,1077,3451
7471,5293,1887
7472,7624,3183
7474,2671,1606
7475,9262,459
7476,3384,433
7478,7406,1247
7480,6632,2296
7481,3364,3403
7483,8396,2574
7485,9789,1317
7489,6395,828
7492,1487,2730
7493,5074,2674
7494,5333,1964
7496,6431,2896
7497,5450,2081
7500,486,1557
7501,3637,1660
7504,9933,3557
7505,7600,2097
7506,8994,1322
7507,7468,930
7510,2439,2860
7513,5829,3295
7518,4620,1152
7519,8324,2226
7520,168,195
7525,9302,1126
7526,5042,544
7537,5662,2095
7539,2811,2868
7540,5888,3447
7541,6133,1993
7542,8480,1467
7543,9494,764
7545,994,731
7549,3002,3282
7550,9271,2106
7551,705,1053
7552,5284,25
7553,1384,1247
7555,9234,1780
7556,2755,1998
7557,5131,3554
7559,8379,917
7562,9116,2679
7565,1857,2117
7566,6475,862
7572,7380,1699
7573,8631,8
7576,8716,3450
7578,1335,2316
7581,8700,2876
7583,8982,2437
7586,9461,2867
7590,3623,1606
7591,3375,299
7593,9654,493
7595,1960,232
7596,7,2897
7597,1133,1020
7598,6771,2548
7600,6623,2545
7604,2366,1511
7606,9534,1075
7610,9126,2574
7611,3286,1549
7614,989,1308
7615,32,2186
7617,1122,2614
7619,9305,3493
7620,5735,3431
7621,1860,3218
7622,5560,3425
7624,3509,1174
7625,8217,1238
7626,7085,1942
7627,7386,1733
7633,1170,1130
7635,7709,3401
7636,1990,2254
7639,7551,3379
7640,2152,1572
7641,4686,1950
7645,5065,1968
7650,8768,1506
7653,5169,594
7654,5445,376
7655,1376,2767
7656,1622,506
7661,4141,3503
7662,9631,623
7663,5270,2961
7665,2964,2899
7667,8285,1653
7668,3078,1679
7670,9867,816
7671,8511,3062
7677,5515,889
7682,1691,470
7683,3666,552
7685,8726,1316
7689,9107,3189
7691,719,1734
7695,2676,1825
7697,2694,1477
7698,5784,16
7699,9427,864
7700,4058,528
7701,4602,3541
7703,6795,1193
7706,225,1982
7711,9201,3360
7712,1862,2531
7715,386,3246
7718,3098,3552
7723,44,290
7724,9584,758
7725,2961,474
7727,4807,1131
7728,1615,2106
7729,8583,2656
7731,9758,3446
7733,7493,18
7735,3709,1528
7739,9005,1309
7742,5111,2705
7743,514,2727
7745,141,1923
7746,1050,2463
7751,8373,1244
7752,4868,524
7753,2416,2518
7756,7577,2027
7757,1673,1412
7759,7395,2388
7763,5479,1709
7764,9197,1833
7766,304,2101
7767,3532,733
7768,5069,1741
7772,3260,555
7774,8517,221
7776,9515,387
7777,5811,678
7778,3730,1677
7779,8261,2513
7782,696,2553
7784,5834,2215
7785,132,2464
7786,1117,3213
7787,9425,3074
7788,8756,3524
7792,711,3082
7793,3216,388
7794,752,22
7798,9249,2864
7803,7220,3394
7805,8074,1343
7806,3309,769
7807,3047,3247
7811,9089,1317
7813,8686,3552
7815,193,3
7816,9682,2882
7818,4035,1504
7819,3065,1475
7823,6761,3261
7824,2614,49
7829,7722,1942
7839,7283,1542
7840,1261,565
7841,8359,1973
7842,9194,1877
7843,498,3074
7845,3240,1250
7847,7513,2309
7848,4704,985
7853,7802,44
7854,9541,1509
7855,1148,2198
7856,8707,940
7858,7706,3081
7859,5675,1852
7860,731,2404
7861,8099,1810
7864,4834,3097
7865,4861,2265
7866,3997,2511
7868,5190,2721
7870,4133,3467
7871,282,1873
7874,6400,2319
7875,5104,845
7877,4222,1200
7878,7338,673
7883,5319,1750
7884,6458,3153
7888,6794,2606
7889,4213,2210
7890,4758,2943
7891,9560,3533
7892,8519,3027
7896,1034,82
7900,6617,2308
7901,3132,662
7902,8357,1021
7903,7818,1755
7906,9561,476
7908,7959,2488
7909,744,1963
7910,4434,513
7913,3848,3449
7914,7590,1436
7915,813,1861
7916,5800,2424
7918,6432,934
7921,9597,1803
7922,7168,1402
7923,8595,140
7924,1772,252
7927,1934,185
7938,4459,3456
7939,8151,2264
7940,405,982
7941,1024,2849
7942,7296,535
7943,1500,3200
7944,2253,1007
7946,7017,3177
7947,9635,1696
7949,4777,2419
7950,1473,1006
7951,5460,2089
7952,3586,2358
7955,2278,3104
7957,3280,3397
7959,401,1678
7961,7295,1038
7964,8208,1244
7965,2657,3284
7966,8189,992
7967,648,1670
7968,7192,3283
7970,4196,106
7975,1216,2383
7977,6790,979
7980,5737,1419
7983,632,1390
7987,6079,1931
7993,6671,921
7994,1277,511
7996,8165,122
8000,7827,3038
8001,1948,3084
8004,8784,56
8005,5087,134
8007,3940,2853
8008,4613,681
8009,456,2555
8010,7719,710
8011,1609,238
8014,8398,1740
8015,8643,3041
8021,1505,120
8022,9899,3521
8024,214,2479
8026,9675,2960
8030,7328,3086
8036,6738,23
8037,5129,2354
8038,8245,593
8044,43,533
8045,1021,473
8047,4210,2278
8049,121,2579
8052,2032,1616
8053,7694,2049
8054,3406,1366
8055,5908,3142
8064,1841,903
8067,363,2704
8069,7198,2167
8070,1865,2553
8072,5118,3497
8073,865,3419
8074,1353,1265
8076,4960,1311
8078,2857,679
8079,3846,724
8085,4311,1304
8086,7571,3022
8092,9964,2419
8096,4128,172
8099,6450,4
8101,9344,11
8103,3365,2722
8106,3585,735
8109,3154,2101
8110,7946,1467
8111,265,1480
8114,9254,2194
8116,4872,1107
8117,5246,2340
8118,6286,3149
8120,5729,23
8121,2537,940
8124,1499,1605
8125,4337,2339
8126,1953,3316
8129,5732,2091
8131,7740,3018
8132,4730,3134
8133,1414,267
8135,6111,1309
8137,2909,3321
8139,799,3126
8140,2777,3009
8141,807,575
8145,2314,3324
8146,1493,2263
8149,3475,793
8152,3924,2107
8153,1884,2791
8155,5612,2421
8158,6756,1417
8161,8900,227
8163,7146,507
8165,2932,1088
8166,8015,1978
8167,3446,570
8169,9762,1010
8170,2470,1866
8172,8997,664
8177,8676,1475
8179,993,3109
8180,704,2316
8186,8946,2216
8189,5491,1125
8193,7152,3057
8196,9098,331
8201,7934,3473
8202,8927,939
8203,3128,1357
8207,3771,406
8208,4144,3551
8209,5474,3584
8210,8024,2377
8211,9831,1476
8212,2946,574
8215,8341,634
8216,3430,3156
8217,5328,2937
8219,7348,104
8223,5336,565
8224,9032,2531
8230,4961,1285
8231,1301,2500
8232,4439,1289
8236,8081,827
8238,1153,752
8239,5666,2815
8242,3236,398
8243,9370,2348
8247,4972,3268
8249,79,1507
8251,2653,635
8254,2062,1820
8256,850,2008
8257,2438,1773
8266,8543,2478
8270,270,1845
8271,6576,576
8273,8705,1885
8278,8122,3136
8279,798,298
8280,1679,2283
8281,4307,1729
8285,1039,684
8288,7140,1043
8289,634,348
8297,2665,1060
8298,584,2850
8300,9011,585
8302,5050,2987
8306,9583,359
8309,3148,772
8313,1747,2478
8314,5973,65
8316,1752,3540
8325,880,2675
8326,5535,799
8333,1159,3383
8335,1888,2782
8338,263,845
8339,708,3298
8340,2227,2856
8342,7326,2139
8346,1186,3352
8348,3458,1013
8349,5957,216
8351,4309,234
8353,2267,1532
8355,2847,2242
8357,1993,2276
8358,4917,250
8360,5900,1582
8361,6375,2192
8365,4895,793
8366,890,3002
8367,4232,3069
8368,5567,2372
8370,9477,2870
8372,8569,95
8375,4974,54
8376,6236,1961
8378,4543,3
8381,8046,1491
8383,9082,1049
8385,2406,2022
8387,2148,2109
8388,4164,2305
8390,5076,2506
8391,6678,946
8392,24,3043
8394,6138,1997
8402,6262,2544
8404,9578,405
8409,4683,3594
8411,1130,333
8412,9124,482
8413,751,874
8415,907,2657
8416,6948,540
8417,479,1902
8419,9722,441
8420,925,2818
8421,7211,1730
8427,6580,1767
8431,2560,1182
8433,9479,3356
8434,5727,94
8443,7246,599
8445,6226,2088
8447,7218,2273
8448,9742,63
8450,6567,2582
8453,7691,917
8454,5909,1868
8456,6847,2853
8460,2645,549
8462,8612,469
8465,1046,203
8466,5029,2664
8467,4326,2120
8470,7013,3378
8473,8268,69
8474,9738,2059
8477,771,3136
8482,2299,2250
8483,2838,1154
8485,9388,2332
8488,6466,1236
8492,1885,3575
8494,4112,2046
8500,5367,1487
8501,5960,854
8503,8203,2231
8505,6213,2565
8507,3356,2900
8508,4615,1176
8518,7527,989
8522,8115,3112
8526,2624,811
8530,9368,1619
8531,8929,2774
8532,4740,1359
8533,635,248
8535,7075,3511
8537,6797,3569
8539,4290,1186
8543,6848,1656
8545,5832,2629
8546,3999,352
8547,1620,3380
8552,8856,1826
8558,1195,800
8559,6464,1536
8560,1852,61
8561,8156,966
8562,6338,3576
8565,2890,1048
8568,3407,381
8576,3325,24
8577,6961,1817
8578,4837,2622
8582,1484,2946
8586,8447,2332
8594,6941,1188
8595,4396,1807
8596,1575,1855
8601,6633,1760
8604,7917,525
8605,9472,673
8607,1821,1624
8609,9485,3456
8610,7062,3009
8611,9860,2534
8612,1110,2214
8616,3460,1833
8617,3083,1026
8618,5622,1448
8622,451,3498
8627,9071,2330
8630,2153,563
8631,8896,1464
8632,9258,2952
8633,4663,107
8636,8703,704
8641,8467,2985
8643,196,2370
8644,6394,3378
8646,906,354
8647,5494,1384
8649,1178,549
8650,7174,572
8651,5209,1069
8652,1569,2738
8655,1222,2613
8658,1323,2721
8663,1002,2871
8668,5920,2912
8671,5990,941
8673,5182,1447
8674,5945,2223
8675,4020,3394
8676,7341,3536
8679,2737,779
8680,1649,506
8682,271,2334
8683,8741,207
8686,4550,561
8687,8274,1331
8689,3892,1132
8690,6894,2723
8693,6703,1482
8700,931,2655
8701,8751,3374
8703,5972,1035
8704,706,2026
8706,2925,242
8709,4149,183
8711,2826,841
8715,114,1786
8716,3793,3477
8723,5879,3345
8727,7354,1486
8728,8503,1526
8733,9788,1430
8739,6130,598
8741,6642,1423
8742,2167,2181
8746,5547,3339
8749,3560,883
8750,2365,1067
8752,1703,897
8753,3425,3351
8754,654,3366
8757,4131,3163
8758,2562,2146
8762,8974,43
8765,4842,2597
8766,8392,1915
8767,7869,2641
8769,1794,2253
8773,533,780
8775,5563,618
8776,9864,1811
8777,5347,2155
8779,2323,1509
8780,6591,2044
8782,473,2796
8783,8720,3382
8784,937,1345
8785,1900,3343
8786,9009,435
8787,127,1329
8788,5471,227
8791,2654,2557
8795,4955,2044
8798,6444,2661
8799,5796,163
8801,29,302
8803,2580,2614
8808,4085,177
8812,512,3409
8813,4072,1428
8816,3963,2227
8819,8430,1543
8820,519,328
8824,570,2244
8825,6997,797
8826,2265,2186
8830,4938,1666
8833,5412,3108
8837,4618,3080
8838,9555,2911
8839,6008,1884
8840,5140,1864
8841,3345,3108
8845,407,385
8848,5200,3502
8849,8556,1468
8852,6078,975
8853,1363,1858
8859,8824,3497
8861,2362,1306
8862,6499,3360
8873,1266,896
8879,3102,601
8880,9087,1982
8886,60,966
8887,9102,1280
8888,1147,736
8891,4598,612
8892,8887,9
8898,1699,1756
8902,8931,254
8905,4217,3093
8908,7692,2745
8911,5719,866
8912,3674,3226
8916,5607,187
8917,8351,1720
8922,6964,4
8923,4702,1345
8925,6783,2969
8929,7751,3570
8932,8063,395
8933,9971,2144
8934,4520,3387
8935,8426,2627
8938,1107,879
8940,628,2987
8944,4160,20
8946,247,3110
8947,3740,1763
8948,9189,242
8949,1813,2435
8950,8565,1705
8953,8110,3286
8955,211,952
8956,8823,114
8957,8221,1681
8959,2011,3274
8961,1025,2064
8963,9199,971
8966,4827,1646
8968,2172,2760
8970,1069,2416
8971,6504,502
8973,2450,3050
8974,9489,1169
8977,4343,567
8979,7660,1111
8980,7825,2721
8981,6669,1746
8982,8634,3533
8985,10,1915
8989,6104,3024
8993,7797,2542
8994,5674,1509
8995,3275,496
8996,6769,3159
8998,2922,2582
9001,9445,737
9002,5630,2776
9003,5565,3455
9005,7612,2245
9009,9152,2678
9011,8862,3437
9016,7539,1620
9018,431,1080
9019,6509,3061
9020,7122,2112
9021,1797,2945
9022,5963,506
9023,875,3568
9025,1460,2408
9030,7444,1057
9032,1028,2863
9033,8537,794
9037,3424,1832
9038,6513,2024
9041,945,1978
9043,3600,450
9045,8623,2757
9051,5825,2420
9053,2915,2363
9056,5258,1180
9059,4011,3067
9061,3809,2365
9062,4644,2147
9071,2796,1892
9075,8298,3220
9077,743,789
9081,5244,1908
9082,5089,2194
9083,4333,322
9085,6178,1754
9087,1119,944
9090,7567,1852
9092,5265,22
9093,3880,218
9094,8562,2683
9096,5424,2470
9105,5748,1462
9106,5713,1185
9107,7172,1201
9111,2230,623
9112,2534,1247
9114,1401,1766
9116,1013,2635
9117,6365,3291
9118,1876,715
9120,5901,415
9127,7795,553
9130,9065,1569
9131,2026,1407
9132,7916,2446
9135,1800,5
9140,7356,856
9141,4878,2324
9142,8693,2496
9143,9580,3313
9149,7397,1341
9151,5542,1465
9155,1377,1726
9160,7325,1425
9161,939,2983
9162,1419,1834
9164,6995,3092
9168,4855,3590
9171,4317,3373
9177,6157,3382
9181,5534,912
9183,734,2820
9186,3181,3471
9188,7574,3503
9190,8404,175
9191,9620,2465
9192,1302,3430
9193,6698,1477
9199,8776,1616
9203,9237,2380
9204,5754,669
9208,4668,271
9209,9638,1274
9211,9761,2452
9213,2081,1875
9216,2218,1396
9218,2891,709
9220,3867,636
9221,3978,2441
9222,8940,149
9223,2047,816
9228,7024,2085
9229,4749,3078
9230,9879,3173
9238,6590,2238
9241,3494,3102
9244,176,111
9245,477,755
9247,1540,2712
9249,7084,3467
9254,5626,3518
9256,5040,3128
9257,8706,1457
9260,9054,2940
9261,2307,1280
9262,6949,459
9264,7707,1445
9267,6183,3487
9274,6136,1904
9275,5820,2130
9279,3008,2629
9283,7069,2723
9284,8523,378
9288,6006,1595
9289,7007,531
9293,3774,1279
9296,6804,2838
9300,4492,1077
9302,7717,2771
9306,5845,2752
9309,2917,3236
9314,4927,2231
9318,2121,1657
9319,9025,83
9324,4219,1514
9331,6201,2569
9335,7004,1858
9339,2742,2631
9345,6026,3169
9346,6831,1686
9347,6465,2516
9348,1029,419
9349,8506,3109
9350,3591,1577
9352,5064,1539
9355,347,2221
9359,530,1080
9362,5481,1073
9369,8512,1519
9373,3242,3060
9377,776,1879
9380,9417,330
9381,2046,191
9388,955,3261
9389,3413,1909
9390,5478,648
9391,2112,1256
9394,9144,711
9396,8835,321
9398,5116,966
9402,7894,3155
9404,1923,2800
9405,7430,877
9414,7357,2873
9415,2860,27
9418,6905,2999
9422,5816,2761
9424,5399,304
9436,3070,1157
9437,2487,2369
9438,3081,3162
9440,1338,2514
9441,6170,2632
9446,5730,844
9447,221,479
9448,2686,315
9450,9530,3085
9452,2743,3039
9456,7768,825
9458,1582,1006
9463,6721,2643
9466,3566,3332
9468,1587,2428
9470,2204,1249
9471,7107,3177
9476,454,2948
9479,6258,1648
9481,4820,3275
9483,7545,1083
9487,7419,306
9489,1942,3326
9492,7400,914
9495,3253,2088
9497,1396,2651
9499,6140,1464
9500,3393,955
9503,6018,585
9504,5818,2908
9506,8059,2597
9507,9447,1158
9509,6383,1300
9510,1019,109
9513,7962,2237
9517,5051,1310
9522,2140,1084
9523,2816,1641
9526,4382,3067
9528,102,711
9530,303,3435
9534,1312,3522
9539,8435,2105
9540,3431,673
9541,9678,3444
9544,231,3287
9547,8410,3356
9548,6912,431
9556,5521,2759
9557,8759,3458
9562,6177,2885
9568,8535,2130
9570,1472,1790
9571,4197,2709
9575,1716,16
9578,5764,1439
9584,4891,2848
9585,6792,458
9588,5898,3498
9589,8559,845
9591,8464,2224
9592,448,368
9593,2460,914
9594,6554,2733
9595,3989,734
9597,3323,3240
9598,6409,83
9599,8771,1189
9601,9807,536
9605,2217,2176
9608,1120,2882
9610,4257,3451
9611,4608,3241
9614,548,2323
9615,969,1924
9616,7056,1047
9617,472,94
9618,2311,2570
9619,3024,2492
9624,4461,1306
9626,6708,3534
9628,617,2770
9630,8455,1033
9636,4722,399
9638,1750,1423
9645,313,253
9646,9500,2619
9651,2353,3256
9652,4313,2431
9654,4380,88
9655,3486,3235
9656,1511,1555
9662,8818,211
9663,2287,3330
9665,923,1089
9670,5573,756
9674,884,2180
9677,1059,1646
9680,3768,2890
9686,2493,699
9689,1696,1367
9690,1078,3467
9691,6369,3464
9693,2759,2036
9694,6147,2637
9701,8838,1755
9702,1521,17
9704,9088,5
9710,1372,895
9711,8747,806
9712,1922,88
9714,7985,986
9715,1434,1805
9716,9136,481
9723,6903,1590
9724,7652,709
9725,2613,875
9726,5255,1412
9727,9484,1074
9729,2795,849
9731,4643,2320
9733,2662,195
9734,4288,1346
9735,7475,2460
9740,5970,875
9744,7121,1500
9748,2260,1649
9750,5577,2394
9758,8241,2075
9759,5161,1085
9761,3204,2771
9762,4082,2366
9763,493,3457
9766,2120,2617
9767,7969,1916
9769,8952,2763
9774,5757,2681
9775,9527,1671
9777,7012,465
9783,3948,1115
9785,9402,1049
9789,389,3335
9790,2333,111
9791,8653,594
9797,5409,668
9799,2194,3117
9804,689,3412
9805,1936,897
9806,2910,504
9810,1330,2871
9814,8354,1211
9831,8673,3284
9834,5156,168
9835,461,1831
9842,3207,2775
9843,4856,2657
9846,8978,3297
9852,2207,3581
9857,3363,1511
9858,5048,1837
9860,9995,1036
9861,7482,2335
9865,2747,2731
9868,9411,2037
9869,9134,1764
9873,5314,2137
9874,7956,2998
9876,1502,1122
9877,7259,3587
9883,1989,2699
9885,6240,1181
9887,9641,724
9891,4775,3180
9899,1840,528
9905,7911,925
9908,7463,1173
9910,9235,1119
9912,5127,3545
9914,2056,2627
9918,4780,2682
9920,3360,1090
9921,8196,2723
9930,7378,3501
9940,3483,351
9944,4742,1077
9946,5427,1303
9947,5703,453
9948,9294,65
9949,7131,941
9950,4360,1000
9951,8412,2267
9954,8970,1791
9958,3487,931
9965,5776,2147
9969,3905,1120
9978,9732,2197
9979,4165,2239
9981,8872,3013
9982,1995,2155
9995,828,354
9998,2212,1724
